Driver,Nationality,Seasons,Championships,Race_Entries,Race_Starts,Pole_Positions,Race_Wins,Podiums,Fastest_Laps,Points,Active,Championship Years,Decade,Pole_Rate,Start_Rate,Win_Rate,Podium_Rate,FastLap_Rate,Points_Per_Entry,Years_Active,Champion
Carlo Abate,Italy,"[1962, 1963]",0,3,0,0,0,0,0,0,FALSE,,1960,0,0,0,0,0,0,2,FALSE
George Abecassis,United Kingdom,"[1951, 1952]",0,2,2,0,0,0,0,0,FALSE,,1950,0,1,0,0,0,0,2,FALSE
Kenny Acheson,United Kingdom,"[1983, 1985]",0,10,3,0,0,0,0,0,FALSE,,1980,0,0.3,0,0,0,0,2,FALSE
Andrea de Adamich,Italy,"[1968, 1970, 1971, 1972, 1973]",0,36,30,0,0,0,0,6,FALSE,,1970,0,0.833333333,0,0,0,0.166666667,5,FALSE
Philippe Adams,Belgium,[1994],0,2,2,0,0,0,0,0,FALSE,,1990,0,1,0,0,0,0,1,FALSE
Walt Ader,United States,[1950],0,1,1,0,0,0,0,0,FALSE,,1950,0,1,0,0,0,0,1,FALSE
Kurt Adolff,West Germany,[1953],0,1,1,0,0,0,0,0,FALSE,,1950,0,1,0,0,0,0,1,FALSE
Fred Agabashian,United States,"[1950, 1951, 1952, 1953, 1954, 1955, 1956, 1957]",0,9,8,1,0,0,0,1.5,FALSE,,1950,0.111111111,0.888888889,0,0,0,0.166666667,8,FALSE
Kurt Ahrens,West Germany,"[1966, 1967, 1968, 1969]",0,4,4,0,0,0,0,0,FALSE,,1970,0,1,0,0,0,0,4,FALSE
Jack Aitken,United Kingdom,[2020],0,1,1,0,0,0,0,0,FALSE,,2020,0,1,0,0,0,0,1,FALSE
Christijan Albers,Netherlands,"[2005, 2006, 2007]",0,46,46,0,0,0,0,4,FALSE,,2010,0,1,0,0,0,0.086956522,3,FALSE
Fernando Alonso,Spain,"[2001, 2003, 2004, 2005, 2006, 2007, 2008, 2009, 2010, 2011, 2012, 2013, 2014, 2015, 2016, 2017, 2018, 2021, 2022]",2,359,356,22,32,99,23,2076,TRUE,"[2005, 2006]",2010,0.061281337,0.991643454,0.08913649,0.275766017,0.064066852,5.782729805,19,TRUE
Michele Alboreto,Italy,"[1981, 1982, 1983, 1984, 1985, 1986, 1987, 1988, 1989, 1990, 1991, 1992, 1993, 1994]",0,215,194,2,5,23,5,186.5,FALSE,,1990,0.009302326,0.902325581,0.023255814,0.106976744,0.023255814,0.86744186,14,FALSE
Jean Alesi,France,"[1989, 1990, 1991, 1992, 1993, 1994, 1995, 1996, 1997, 1998, 1999, 2000, 2001]",0,202,201,2,1,32,4,241,FALSE,,2000,0.00990099,0.995049505,0.004950495,0.158415842,0.01980198,1.193069307,13,FALSE
Jaime Alguersuari,Spain,"[2009, 2010, 2011]",0,46,46,0,0,0,0,31,FALSE,,2010,0,1,0,0,0,0.673913043,3,FALSE
Philippe Alliot,France,"[1984, 1985, 1986, 1987, 1988, 1989, 1990, 1993, 1994]",0,116,109,0,0,0,0,7,FALSE,,1990,0,0.939655172,0,0,0,0.060344828,9,FALSE
Cliff Allison,United Kingdom,"[1958, 1959, 1960, 1961]",0,18,16,0,0,1,0,11,FALSE,,1960,0,0.888888889,0,0.055555556,0,0.611111111,4,FALSE
Lewis Hamilton,United Kingdom,"[2007, 2008, 2009, 2010, 2011, 2012, 2013, 2014, 2015, 2016, 2017, 2018, 2019, 2020, 2021, 2022]",7,311,311,103,103,191,61,4415.5,TRUE,"[2008, 2014, 2015, 2017, 2018, 2019, 2020]",2010,0.331189711,1,0.331189711,0.61414791,0.196141479,14.1977492,16,TRUE
Giovanna Amati,Italy,[1992],0,3,0,0,0,0,0,0,FALSE,,1990,0,0,0,0,0,0,1,FALSE
George Amick,United States,[1958],0,2,1,0,0,1,0,6,FALSE,,1960,0,0.5,0,0.5,0,3,1,FALSE
Red Amick,United States,"[1959, 1960]",0,2,2,0,0,0,0,0,FALSE,,1960,0,1,0,0,0,0,2,FALSE
Chris Amon,New Zealand,"[1963, 1964, 1965, 1966, 1967, 1968, 1969, 1970, 1971, 1972, 1973, 1974, 1975, 1976]",0,108,96,5,0,11,3,83,FALSE,,1970,0.046296296,0.888888889,0,0.101851852,0.027777778,0.768518519,14,FALSE
Bob Anderson,United Kingdom,"[1963, 1964, 1965, 1966, 1967]",0,29,25,0,0,1,0,8,FALSE,,1960,0,0.862068966,0,0.034482759,0,0.275862069,5,FALSE
Conny Andersson,Sweden,"[1976, 1977]",0,5,1,0,0,0,0,0,FALSE,,1980,0,0.2,0,0,0,0,2,FALSE
Emil Andres,United States,[1950],0,1,0,0,0,0,0,0,FALSE,,1950,0,0,0,0,0,0,1,FALSE
Mario Andretti,United States,"[1968, 1969, 1970, 1971, 1972, 1974, 1975, 1976, 1977, 1978, 1979, 1980, 1981, 1982]",1,131,128,18,12,19,10,180,FALSE,[1978],1980,0.13740458,0.977099237,0.091603053,0.145038168,0.076335878,1.374045802,14,TRUE
Michael Andretti,United States,[1993],0,13,13,0,0,1,0,7,FALSE,,1990,0,1,0,0.076923077,0,0.538461538,1,FALSE
Keith Andrews,United States,"[1955, 1956]",0,3,2,0,0,0,0,0,FALSE,,1960,0,0.666666667,0,0,0,0,2,FALSE
Elio de Angelis,Italy,"[1979, 1980, 1981, 1982, 1983, 1984, 1985, 1986]",0,109,108,3,2,9,0,122,FALSE,,1980,0.027522936,0.990825688,0.018348624,0.082568807,0,1.119266055,8,FALSE
Marco Apicella,Italy,[1993],0,1,1,0,0,0,0,0,FALSE,,1990,0,1,0,0,0,0,1,FALSE
Mário de Araújo Cabral,Portugal,"[1959, 1960, 1963, 1964]",0,5,4,0,0,0,0,0,FALSE,,1960,0,0.8,0,0,0,0,4,FALSE
Frank Armi,United States,[1954],0,3,1,0,0,0,0,0,FALSE,,1950,0,0.333333333,0,0,0,0,1,FALSE
Chuck Arnold,United States,[1959],0,2,1,0,0,0,0,0,FALSE,,1960,0,0.5,0,0,0,0,1,FALSE
René Arnoux,France,"[1978, 1979, 1980, 1981, 1982, 1983, 1984, 1985, 1986, 1987, 1988, 1989]",0,164,149,18,7,22,12,181,FALSE,,1980,0.109756098,0.908536585,0.042682927,0.134146341,0.073170732,1.103658537,12,FALSE
Peter Arundell,United Kingdom,"[1963, 1964, 1966]",0,13,11,0,0,2,0,12,FALSE,,1960,0,0.846153846,0,0.153846154,0,0.923076923,3,FALSE
Alberto Ascari,Italy,"[1950, 1951, 1952, 1953, 1954, 1955]",2,33,32,14,13,17,12,107.64,FALSE,"[1952, 1953]",1950,0.424242424,0.96969697,0.393939394,0.515151515,0.363636364,3.261818182,6,TRUE
Peter Ashdown,United Kingdom,[1959],0,1,1,0,0,0,0,0,FALSE,,1960,0,1,0,0,0,0,1,FALSE
Ian Ashley,United Kingdom,"[1974, 1975, 1976, 1977]",0,11,4,0,0,0,0,0,FALSE,,1980,0,0.363636364,0,0,0,0,4,FALSE
Gerry Ashmore,United Kingdom,"[1961, 1962]",0,4,3,0,0,0,0,0,FALSE,,1960,0,0.75,0,0,0,0,2,FALSE
Bill Aston,United Kingdom,[1952],0,3,1,0,0,0,0,0,FALSE,,1950,0,0.333333333,0,0,0,0,1,FALSE
Richard Attwood,United Kingdom,"[1964, 1965, 1967, 1968, 1969]",0,17,16,0,0,1,1,11,FALSE,,1970,0,0.941176471,0,0.058823529,0.058823529,0.647058824,5,FALSE
Manny Ayulo,United States,"[1951, 1952, 1953, 1954]",0,6,4,0,0,1,0,2,FALSE,,1950,0,0.666666667,0,0.166666667,0,0.333333333,4,FALSE
Luca Badoer,Italy,"[1993, 1995, 1996, 1999, 2009]",0,58,50,0,0,0,0,0,FALSE,,2000,0,0.862068966,0,0,0,0,5,FALSE
Giancarlo Baghetti,Italy,"[1961, 1962, 1963, 1964, 1965, 1966, 1967]",0,21,21,0,1,1,1,14,FALSE,,1960,0,1,0.047619048,0.047619048,0.047619048,0.666666667,7,FALSE
Julian Bailey,United Kingdom,"[1988, 1991]",0,20,7,0,0,0,0,1,FALSE,,1990,0,0.35,0,0,0,0.05,2,FALSE
Mauro Baldi,Italy,"[1982, 1983, 1984, 1985]",0,41,36,0,0,0,0,5,FALSE,,1980,0,0.87804878,0,0,0,0.12195122,4,FALSE
Bobby Ball,United States,"[1951, 1952]",0,2,2,0,0,0,0,2,FALSE,,1950,0,1,0,0,0,1,2,FALSE
Marcel Balsa,France,[1952],0,1,1,0,0,0,0,0,FALSE,,1950,0,1,0,0,0,0,1,FALSE
Lorenzo Bandini,Italy,"[1961, 1962, 1963, 1964, 1965, 1966, 1967]",0,42,42,1,1,8,2,58,FALSE,,1960,0.023809524,1,0.023809524,0.19047619,0.047619048,1.380952381,7,FALSE
Henry Banks,United States,"[1950, 1951, 1952]",0,5,3,0,0,0,0,0,FALSE,,1950,0,0.6,0,0,0,0,3,FALSE
Fabrizio Barbazza,Italy,"[1991, 1993]",0,20,8,0,0,0,0,2,FALSE,,1990,0,0.4,0,0,0,0.1,2,FALSE
John Barber,United Kingdom,[1953],0,1,1,0,0,0,0,0,FALSE,,1950,0,1,0,0,0,0,1,FALSE
Skip Barber,United States,"[1971, 1972]",0,6,5,0,0,0,0,0,FALSE,,1970,0,0.833333333,0,0,0,0,2,FALSE
Paolo Barilla,Italy,"[1989, 1990]",0,15,9,0,0,0,0,0,FALSE,,1990,0,0.6,0,0,0,0,2,FALSE
Rubens Barrichello,Brazil,"[1993, 1994, 1995, 1996, 1997, 1998, 1999, 2000, 2001, 2002, 2003, 2004, 2005, 2006, 2007, 2008, 2009, 2010, 2011]",0,326,322,14,11,68,17,658,FALSE,,2000,0.042944785,0.987730061,0.033742331,0.208588957,0.052147239,2.018404908,19,FALSE
Michael Bartels,Germany,[1991],0,4,0,0,0,0,0,0,FALSE,,1990,0,0,0,0,0,0,1,FALSE
Edgar Barth,"East Germany, West Germany","[1953, 1957, 1958, 1960, 1961, 1964]",0,7,5,0,0,0,0,0,FALSE,,1960,0,0.714285714,0,0,0,0,6,FALSE
Giorgio Bassi,Italy,[1965],0,1,1,0,0,0,0,0,FALSE,,1960,0,1,0,0,0,0,1,FALSE
Erwin Bauer,West Germany,[1953],0,1,1,0,0,0,0,0,FALSE,,1950,0,1,0,0,0,0,1,FALSE
Zsolt Baumgartner,Hungary,"[2003, 2004]",0,20,20,0,0,0,0,1,FALSE,,2000,0,1,0,0,0,0.05,2,FALSE
Élie Bayol,France,"[1952, 1953, 1954, 1955, 1956]",0,8,7,0,0,0,0,2,FALSE,,1950,0,0.875,0,0,0,0.25,5,FALSE
Don Beauman,United Kingdom,[1954],0,1,1,0,0,0,0,0,FALSE,,1950,0,1,0,0,0,0,1,FALSE
Günther Bechem,West Germany,"[1952, 1953]",0,2,2,0,0,0,0,0,FALSE,,1950,0,1,0,0,0,0,2,FALSE
Jean Behra,France,"[1952, 1953, 1954, 1955, 1956, 1957, 1958, 1959]",0,53,52,0,0,9,1,51.14,FALSE,,1960,0,0.981132075,0,0.169811321,0.018867925,0.96490566,8,FALSE
Derek Bell,United Kingdom,"[1968, 1969, 1970, 1971, 1972, 1974]",0,16,9,0,0,0,0,1,FALSE,,1970,0,0.5625,0,0,0,0.0625,6,FALSE
Stefan Bellof,West Germany,"[1984, 1985]",0,22,20,0,0,0,0,4,FALSE,,1980,0,0.909090909,0,0,0,0.181818182,2,FALSE
Paul Belmondo,France,"[1992, 1994]",0,27,7,0,0,0,0,0,FALSE,,1990,0,0.259259259,0,0,0,0,2,FALSE
Tom Belsø,Denmark,"[1973, 1974]",0,5,2,0,0,0,0,0,FALSE,,1970,0,0.4,0,0,0,0,2,FALSE
Jean-Pierre Beltoise,France,"[1967, 1968, 1969, 1970, 1971, 1972, 1973, 1974]",0,88,86,0,1,8,4,77,FALSE,,1970,0,0.977272727,0.011363636,0.090909091,0.045454545,0.875,8,FALSE
Olivier Beretta,Monaco,[1994],0,10,9,0,0,0,0,0,FALSE,,1990,0,0.9,0,0,0,0,1,FALSE
Allen Berg,Canada,[1986],0,9,9,0,0,0,0,0,FALSE,,1990,0,1,0,0,0,0,1,FALSE
Georges Berger,Belgium,"[1953, 1954]",0,2,2,0,0,0,0,0,FALSE,,1950,0,1,0,0,0,0,2,FALSE
Gerhard Berger,Austria,"[1984, 1985, 1986, 1987, 1988, 1989, 1990, 1991, 1992, 1993, 1994, 1995, 1996, 1997]",0,210,210,12,10,48,21,385,FALSE,,1990,0.057142857,1,0.047619048,0.228571429,0.1,1.833333333,14,FALSE
Éric Bernard,France,"[1989, 1990, 1991, 1994]",0,47,45,0,0,1,0,10,FALSE,,1990,0,0.957446809,0,0.021276596,0,0.212765957,4,FALSE
Enrique Bernoldi,Brazil,"[2001, 2002]",0,29,28,0,0,0,0,0,FALSE,,2000,0,0.965517241,0,0,0,0,2,FALSE
Enrico Bertaggia,Italy,[1989],0,6,0,0,0,0,0,0,FALSE,,1990,0,0,0,0,0,0,1,FALSE
Tony Bettenhausen,United States,"[1950, 1951, 1952, 1953, 1954, 1955, 1956, 1957, 1958, 1959, 1960]",0,11,11,0,0,1,1,11,FALSE,,1960,0,1,0,0.090909091,0.090909091,1,11,FALSE
Mike Beuttler,United Kingdom,"[1971, 1972, 1973]",0,29,28,0,0,0,0,0,FALSE,,1970,0,0.965517241,0,0,0,0,3,FALSE
Prince Bira,Thailand,"[1950, 1951, 1952, 1953, 1954]",0,19,19,0,0,0,0,8,FALSE,,1950,0,1,0,0,0,0.421052632,5,FALSE
Jules Bianchi,France,"[2013, 2014]",0,34,34,0,0,0,0,2,FALSE,,2010,0,1,0,0,0,0.058823529,2,FALSE
Lucien Bianchi,Belgium,"[1959, 1960, 1961, 1962, 1963, 1965, 1968]",0,19,17,0,0,1,0,6,FALSE,,1960,0,0.894736842,0,0.052631579,0,0.315789474,7,FALSE
Gino Bianco,Brazil,[1952],0,4,4,0,0,0,0,0,FALSE,,1950,0,1,0,0,0,0,1,FALSE
Hans Binder,Austria,"[1976, 1977, 1978]",0,15,13,0,0,0,0,0,FALSE,,1980,0,0.866666667,0,0,0,0,3,FALSE
Clemente Biondetti,Italy,[1950],0,1,1,0,0,0,0,0,FALSE,,1950,0,1,0,0,0,0,1,FALSE
Pablo Birger,Argentina,"[1953, 1955]",0,2,2,0,0,0,0,0,FALSE,,1950,0,1,0,0,0,0,2,FALSE
Art Bisch,United States,[1958],0,1,1,0,0,0,0,0,FALSE,,1960,0,1,0,0,0,0,1,FALSE
Harry Blanchard,United States,[1959],0,1,1,0,0,0,0,0,FALSE,,1960,0,1,0,0,0,0,1,FALSE
Michael Bleekemolen,Netherlands,"[1977, 1978]",0,5,1,0,0,0,0,0,FALSE,,1980,0,0.2,0,0,0,0,2,FALSE
Alex Blignaut,South Africa,[1965],0,1,0,0,0,0,0,0,FALSE,,1960,0,0,0,0,0,0,1,FALSE
Trevor Blokdyk,South Africa,"[1963, 1965]",0,2,1,0,0,0,0,0,FALSE,,1960,0,0.5,0,0,0,0,2,FALSE
Mark Blundell,United Kingdom,"[1991, 1993, 1994, 1995]",0,63,61,0,0,3,0,32,FALSE,,1990,0,0.968253968,0,0.047619048,0,0.507936508,4,FALSE
Raul Boesel,Brazil,"[1982, 1983]",0,30,23,0,0,0,0,0,FALSE,,1980,0,0.766666667,0,0,0,0,2,FALSE
Menato Boffa,Italy,[1961],0,1,0,0,0,0,0,0,FALSE,,1960,0,0,0,0,0,0,1,FALSE
Bob Bondurant,United States,"[1965, 1966]",0,9,9,0,0,0,0,3,FALSE,,1970,0,1,0,0,0,0.333333333,2,FALSE
Felice Bonetto,Italy,"[1950, 1951, 1952, 1953]",0,16,15,0,0,2,0,17.5,FALSE,,1950,0,0.9375,0,0.125,0,1.09375,4,FALSE
Jo Bonnier,Sweden,"[1956, 1957, 1958, 1959, 1960, 1961, 1962, 1963, 1964, 1965, 1966, 1967, 1968, 1969, 1970, 1971]",0,108,104,1,1,1,0,39,FALSE,,1960,0.009259259,0.962962963,0.009259259,0.009259259,0,0.361111111,16,FALSE
Roberto Bonomi,Argentina,[1960],0,1,1,0,0,0,0,0,FALSE,,1960,0,1,0,0,0,0,1,FALSE
Juan Manuel Bordeu,Argentina,[1961],0,1,0,0,0,0,0,0,FALSE,,1960,0,0,0,0,0,0,1,FALSE
Slim Borgudd,Sweden,"[1981, 1982]",0,15,10,0,0,0,0,1,FALSE,,1980,0,0.666666667,0,0,0,0.066666667,2,FALSE
Luki Botha,South Africa,[1967],0,1,1,0,0,0,0,0,FALSE,,1970,0,1,0,0,0,0,1,FALSE
Nico Hülkenberg,Germany,"[2010, 2012, 2013, 2014, 2015, 2016, 2017, 2018, 2019, 2020, 2022]",0,185,182,1,0,0,2,521,TRUE,,2020,0.005405405,0.983783784,0,0,0.010810811,2.816216216,11,FALSE
Jean-Christophe Boullion,France,[1995],0,11,11,0,0,0,0,3,FALSE,,2000,0,1,0,0,0,0.272727273,1,FALSE
Sébastien Bourdais,France,"[2008, 2009]",0,27,27,0,0,0,0,6,FALSE,,2010,0,1,0,0,0,0.222222222,2,FALSE
Thierry Boutsen,Belgium,"[1983, 1984, 1985, 1986, 1987, 1988, 1989, 1990, 1991, 1992, 1993]",0,164,163,1,3,15,1,132,FALSE,,1990,0.006097561,0.993902439,0.018292683,0.091463415,0.006097561,0.804878049,11,FALSE
Johnny Boyd,United States,"[1955, 1956, 1957, 1958, 1959, 1960]",0,6,6,0,0,1,0,4,FALSE,,1960,0,1,0,0.166666667,0,0.666666667,6,FALSE
David Brabham,Australia,"[1990, 1994]",0,30,24,0,0,0,0,0,FALSE,,1990,0,0.8,0,0,0,0,2,FALSE
Gary Brabham,Australia,[1990],0,2,0,0,0,0,0,0,FALSE,,1990,0,0,0,0,0,0,1,FALSE
Jack Brabham,Australia,"[1955, 1956, 1957, 1958, 1959, 1960, 1961, 1962, 1963, 1964, 1965, 1966, 1967, 1968, 1969, 1970]",3,128,126,13,14,31,12,253,FALSE,"[1959, 1960, 1966]",1960,0.1015625,0.984375,0.109375,0.2421875,0.09375,1.9765625,16,TRUE
Bill Brack,Canada,"[1968, 1969, 1972]",0,3,3,0,0,0,0,0,FALSE,,1970,0,1,0,0,0,0,3,FALSE
Ernesto Brambilla,Italy,"[1963, 1969]",0,2,0,0,0,0,0,0,FALSE,,1970,0,0,0,0,0,0,2,FALSE
Vittorio Brambilla,Italy,"[1974, 1975, 1976, 1977, 1978, 1979, 1980]",0,79,74,1,1,1,1,15.5,FALSE,,1980,0.012658228,0.936708861,0.012658228,0.012658228,0.012658228,0.196202532,7,FALSE
Toni Branca,Switzerland,"[1950, 1951]",0,3,3,0,0,0,0,0,FALSE,,1950,0,1,0,0,0,0,2,FALSE
Gianfranco Brancatelli,Italy,[1979],0,3,0,0,0,0,0,0,FALSE,,1980,0,0,0,0,0,0,1,FALSE
Eric Brandon,United Kingdom,"[1952, 1954]",0,5,5,0,0,0,0,0,FALSE,,1950,0,1,0,0,0,0,2,FALSE
Don Branson,United States,"[1959, 1960]",0,2,2,0,0,0,0,3,FALSE,,1960,0,1,0,0,0,1.5,2,FALSE
Tom Bridger,United Kingdom,[1958],0,1,1,0,0,0,0,0,FALSE,,1960,0,1,0,0,0,0,1,FALSE
Tony Brise,United Kingdom,[1975],0,10,10,0,0,0,0,1,FALSE,,1980,0,1,0,0,0,0.1,1,FALSE
Chris Bristow,United Kingdom,"[1959, 1960]",0,4,4,0,0,0,0,0,FALSE,,1960,0,1,0,0,0,0,2,FALSE
Peter Broeker,Canada,[1963],0,1,1,0,0,0,0,0,FALSE,,1960,0,1,0,0,0,0,1,FALSE
Tony Brooks,United Kingdom,"[1956, 1957, 1958, 1959, 1960, 1961]",0,39,38,3,6,10,3,75,FALSE,,1960,0.076923077,0.974358974,0.153846154,0.256410256,0.076923077,1.923076923,6,FALSE
Alan Brown,United Kingdom,"[1952, 1953, 1954]",0,9,8,0,0,0,0,2,FALSE,,1950,0,0.888888889,0,0,0,0.222222222,3,FALSE
Walt Brown,United States,"[1950, 1951]",0,2,2,0,0,0,0,0,FALSE,,1950,0,1,0,0,0,0,2,FALSE
Warwick Brown,Australia,[1976],0,1,1,0,0,0,0,0,FALSE,,1980,0,1,0,0,0,0,1,FALSE
Adolf Brudes,West Germany,[1952],0,1,1,0,0,0,0,0,FALSE,,1950,0,1,0,0,0,0,1,FALSE
Martin Brundle,United Kingdom,"[1984, 1985, 1986, 1987, 1988, 1989, 1991, 1992, 1993, 1994, 1995, 1996]",0,165,158,0,0,9,0,98,FALSE,,1990,0,0.957575758,0,0.054545455,0,0.593939394,12,FALSE
Gianmaria Bruni,Italy,[2004],0,18,18,0,0,0,0,0,FALSE,,2000,0,1,0,0,0,0,1,FALSE
Jimmy Bryan,United States,"[1952, 1953, 1954, 1955, 1956, 1957, 1958, 1959, 1960]",0,10,9,0,1,3,0,18,FALSE,,1960,0,0.9,0.1,0.3,0,1.8,9,FALSE
Clemar Bucci,Argentina,"[1954, 1955]",0,5,5,0,0,0,0,0,FALSE,,1950,0,1,0,0,0,0,2,FALSE
Ronnie Bucknum,United States,"[1964, 1965, 1966]",0,11,11,0,0,0,0,2,FALSE,,1960,0,1,0,0,0,0.181818182,3,FALSE
Ivor Bueb,United Kingdom,"[1957, 1958, 1959]",0,6,5,0,0,0,0,0,FALSE,,1960,0,0.833333333,0,0,0,0,3,FALSE
Sébastien Buemi,Switzerland,"[2009, 2010, 2011]",0,55,55,0,0,0,0,29,FALSE,,2010,0,1,0,0,0,0.527272727,3,FALSE
Luiz Bueno,Brazil,[1973],0,1,1,0,0,0,0,0,FALSE,,1970,0,1,0,0,0,0,1,FALSE
Ian Burgess,United Kingdom,"[1958, 1959, 1960, 1961, 1962, 1963]",0,20,16,0,0,0,0,0,FALSE,,1960,0,0.8,0,0,0,0,6,FALSE
Luciano Burti,Brazil,"[2000, 2001]",0,15,14,0,0,0,0,0,FALSE,,2000,0,0.933333333,0,0,0,0,2,FALSE
Roberto Bussinello,Italy,"[1961, 1965]",0,3,2,0,0,0,0,0,FALSE,,1960,0,0.666666667,0,0,0,0,2,FALSE
Jenson Button,United Kingdom,"[2000, 2001, 2002, 2003, 2004, 2005, 2006, 2007, 2008, 2009, 2010, 2011, 2012, 2013, 2014, 2015, 2016, 2017]",1,309,306,8,15,50,8,1235,FALSE,[2009],2010,0.025889968,0.990291262,0.048543689,0.161812298,0.025889968,3.996763754,18,TRUE
Tommy Byrne,Ireland,[1982],0,5,2,0,0,0,0,0,FALSE,,1980,0,0.4,0,0,0,0,1,FALSE
Giulio Cabianca,Italy,"[1958, 1959, 1960]",0,4,3,0,0,0,0,3,FALSE,,1960,0,0.75,0,0,0,0.75,3,FALSE
Phil Cade,United States,[1959],0,1,0,0,0,0,0,0,FALSE,,1960,0,0,0,0,0,0,1,FALSE
Alex Caffi,Italy,"[1986, 1987, 1988, 1989, 1990, 1991]",0,75,56,0,0,0,0,6,FALSE,,1990,0,0.746666667,0,0,0,0.08,6,FALSE
John Campbell-Jones,United Kingdom,"[1962, 1963]",0,2,2,0,0,0,0,0,FALSE,,1960,0,1,0,0,0,0,2,FALSE
Adrián Campos,Spain,"[1987, 1988]",0,21,17,0,0,0,0,0,FALSE,,1990,0,0.80952381,0,0,0,0,2,FALSE
John Cannon,Canada,[1971],0,1,1,0,0,0,0,0,FALSE,,1970,0,1,0,0,0,0,1,FALSE
Eitel Cantoni,Uruguay,[1952],0,3,3,0,0,0,0,0,FALSE,,1950,0,1,0,0,0,0,1,FALSE
Bill Cantrell,United States,[1950],0,2,1,0,0,0,0,0,FALSE,,1950,0,0.5,0,0,0,0,1,FALSE
Ivan Capelli,Italy,"[1985, 1986, 1987, 1988, 1989, 1990, 1991, 1992, 1993]",0,98,93,0,0,3,0,31,FALSE,,1990,0,0.948979592,0,0.030612245,0,0.316326531,9,FALSE
Piero Carini,Italy,"[1952, 1953]",0,3,3,0,0,0,0,0,FALSE,,1950,0,1,0,0,0,0,2,FALSE
Duane Carter,United States,"[1950, 1951, 1952, 1953, 1954, 1955, 1959, 1960]",0,8,8,0,0,1,0,6.5,FALSE,,1950,0,1,0,0.125,0,0.8125,8,FALSE
Eugenio Castellotti,Italy,"[1955, 1956, 1957]",0,14,14,1,0,3,0,19.5,FALSE,,1960,0.071428571,1,0,0.214285714,0,1.392857143,3,FALSE
Johnny Cecotto,Venezuela,"[1983, 1984]",0,23,18,0,0,0,0,1,FALSE,,1980,0,0.782608696,0,0,0,0.043478261,2,FALSE
Andrea de Cesaris,Italy,"[1980, 1981, 1982, 1983, 1984, 1985, 1986, 1987, 1988, 1989, 1990, 1991, 1992, 1993, 1994]",0,214,208,1,0,5,1,59,FALSE,,1990,0.004672897,0.971962617,0,0.023364486,0.004672897,0.275700935,15,FALSE
François Cevert,France,"[1970, 1971, 1972, 1973]",0,47,46,0,1,13,2,89,FALSE,,1970,0,0.978723404,0.021276596,0.276595745,0.042553191,1.893617021,4,FALSE
Eugène Chaboud,France,"[1950, 1951]",0,3,3,0,0,0,0,1,FALSE,,1950,0,1,0,0,0,0.333333333,2,FALSE
Jay Chamberlain,United States,[1962],0,3,1,0,0,0,0,0,FALSE,,1960,0,0.333333333,0,0,0,0,1,FALSE
Karun Chandhok,India,"[2010, 2011]",0,11,11,0,0,0,0,0,FALSE,,2010,0,1,0,0,0,0,2,FALSE
Alain de Changy,Belgium,[1959],0,1,0,0,0,0,0,0,FALSE,,1960,0,0,0,0,0,0,1,FALSE
Colin Chapman,United Kingdom,[1956],0,1,0,0,0,0,0,0,FALSE,,1960,0,0,0,0,0,0,1,FALSE
Dave Charlton,South Africa,"[1965, 1967, 1968, 1970, 1971, 1972, 1973, 1974, 1975]",0,14,11,0,0,0,0,0,FALSE,,1970,0,0.785714286,0,0,0,0,9,FALSE
Pedro Chaves,Portugal,[1991],0,13,0,0,0,0,0,0,FALSE,,1990,0,0,0,0,0,0,1,FALSE
Bill Cheesbourg,United States,"[1957, 1958, 1959]",0,4,3,0,0,0,0,0,FALSE,,1960,0,0.75,0,0,0,0,3,FALSE
Eddie Cheever,United States,"[1978, 1980, 1981, 1982, 1983, 1984, 1985, 1986, 1987, 1988, 1989]",0,143,132,0,0,9,0,70,FALSE,,1980,0,0.923076923,0,0.062937063,0,0.48951049,11,FALSE
Andrea Chiesa,Switzerland,[1992],0,10,3,0,0,0,0,0,FALSE,,1990,0,0.3,0,0,0,0,1,FALSE
Max Chilton,United Kingdom,"[2013, 2014]",0,35,35,0,0,0,0,0,FALSE,,2010,0,1,0,0,0,0,2,FALSE
Ettore Chimeri,Venezuela,[1960],0,1,1,0,0,0,0,0,FALSE,,1960,0,1,0,0,0,0,1,FALSE
Louis Chiron,Monaco,"[1950, 1951, 1953, 1955, 1956, 1958]",0,19,15,0,0,1,0,4,FALSE,,1950,0,0.789473684,0,0.052631579,0,0.210526316,6,FALSE
Joie Chitwood,United States,[1950],0,1,1,0,0,0,0,1,FALSE,,1950,0,1,0,0,0,1,1,FALSE
Bob Christie,United States,"[1956, 1957, 1958, 1959, 1960]",0,7,5,0,0,0,0,0,FALSE,,1960,0,0.714285714,0,0,0,0,5,FALSE
Johnny Claes,Belgium,"[1950, 1951, 1952, 1953, 1955]",0,25,23,0,0,0,0,0,FALSE,,1950,0,0.92,0,0,0,0,5,FALSE
David Clapham,South Africa,[1965],0,1,0,0,0,0,0,0,FALSE,,1960,0,0,0,0,0,0,1,FALSE
Jim Clark,United Kingdom,"[1960, 1961, 1962, 1963, 1964, 1965, 1966, 1967, 1968]",2,73,72,33,25,32,28,255,FALSE,"[1963, 1965]",1960,0.452054795,0.98630137,0.342465753,0.438356164,0.383561644,3.493150685,9,TRUE
Kevin Cogan,United States,"[1980, 1981]",0,2,0,0,0,0,0,0,FALSE,,1980,0,0,0,0,0,0,2,FALSE
Peter Collins,United Kingdom,"[1952, 1953, 1954, 1955, 1956, 1957, 1958]",0,35,32,0,3,9,0,47,FALSE,,1960,0,0.914285714,0.085714286,0.257142857,0,1.342857143,7,FALSE
Bernard Collomb,France,"[1961, 1962, 1963, 1964]",0,6,4,0,0,0,0,0,FALSE,,1960,0,0.666666667,0,0,0,0,4,FALSE
Alberto Colombo,Italy,[1978],0,3,0,0,0,0,0,0,FALSE,,1980,0,0,0,0,0,0,1,FALSE
Érik Comas,France,"[1991, 1992, 1993, 1994]",0,63,59,0,0,0,0,7,FALSE,,1990,0,0.936507937,0,0,0,0.111111111,4,FALSE
Franco Comotti,Italy,"[1950, 1952]",0,2,2,0,0,0,0,0,FALSE,,1950,0,1,0,0,0,0,2,FALSE
George Connor,United States,"[1950, 1951, 1952]",0,4,3,0,0,0,0,0,FALSE,,1950,0,0.75,0,0,0,0,3,FALSE
George Constantine,United States,[1959],0,1,1,0,0,0,0,0,FALSE,,1960,0,1,0,0,0,0,1,FALSE
John Cordts,Canada,[1969],0,1,1,0,0,0,0,0,FALSE,,1970,0,1,0,0,0,0,1,FALSE
David Coulthard,United Kingdom,"[1994, 1995, 1996, 1997, 1998, 1999, 2000, 2001, 2002, 2003, 2004, 2005, 2006, 2007, 2008]",0,247,246,12,13,62,18,535,FALSE,,2000,0.048582996,0.995951417,0.052631579,0.251012146,0.072874494,2.165991903,15,FALSE
Piers Courage,United Kingdom,"[1967, 1968, 1969, 1970]",0,29,27,0,0,2,0,20,FALSE,,1970,0,0.931034483,0,0.068965517,0,0.689655172,4,FALSE
Chris Craft,United Kingdom,[1971],0,2,1,0,0,0,0,0,FALSE,,1970,0,0.5,0,0,0,0,1,FALSE
Jim Crawford,United Kingdom,[1975],0,2,2,0,0,0,0,0,FALSE,,1980,0,1,0,0,0,0,1,FALSE
Ray Crawford,United States,"[1955, 1956, 1959]",0,5,3,0,0,0,0,0,FALSE,,1960,0,0.6,0,0,0,0,3,FALSE
Alberto Crespo,Argentina,[1952],0,1,0,0,0,0,0,0,FALSE,,1950,0,0,0,0,0,0,1,FALSE
Antonio Creus,Spain,[1960],0,1,1,0,0,0,0,0,FALSE,,1960,0,1,0,0,0,0,1,FALSE
Larry Crockett,United States,[1954],0,1,1,0,0,0,0,0,FALSE,,1950,0,1,0,0,0,0,1,FALSE
Tony Crook,United Kingdom,"[1952, 1953]",0,2,2,0,0,0,0,0,FALSE,,1950,0,1,0,0,0,0,2,FALSE
Art Cross,United States,"[1952, 1953, 1954, 1955]",0,4,4,0,0,1,0,8,FALSE,,1950,0,1,0,0.25,0,2,4,FALSE
Geoff Crossley,United Kingdom,[1950],0,2,2,0,0,0,0,0,FALSE,,1950,0,1,0,0,0,0,1,FALSE
Jérôme d'Ambrosio,Belgium,"[2011, 2012]",0,20,20,0,0,0,0,0,FALSE,,2010,0,1,0,0,0,0,2,FALSE
Chuck Daigh,United States,[1960],0,6,3,0,0,0,0,0,FALSE,,1960,0,0.5,0,0,0,0,1,FALSE
Yannick Dalmas,France,"[1987, 1988, 1989, 1990, 1994]",0,49,24,0,0,0,0,0,FALSE,,1990,0,0.489795918,0,0,0,0,5,FALSE
Derek Daly,Ireland,"[1978, 1979, 1980, 1981, 1982]",0,64,49,0,0,0,0,15,FALSE,,1980,0,0.765625,0,0,0,0.234375,5,FALSE
Christian Danner,West Germany,"[1985, 1986, 1987, 1989]",0,47,36,0,0,0,0,4,FALSE,,1990,0,0.765957447,0,0,0,0.085106383,4,FALSE
Jorge Daponte,Argentina,[1954],0,2,2,0,0,0,0,0,FALSE,,1950,0,1,0,0,0,0,1,FALSE
Anthony Davidson,United Kingdom,"[2002, 2005, 2007, 2008]",0,24,24,0,0,0,0,0,FALSE,,2010,0,1,0,0,0,0,4,FALSE
Jimmy Davies,United States,"[1950, 1951, 1953, 1954, 1955]",0,8,5,0,0,1,0,4,FALSE,,1950,0,0.625,0,0.125,0,0.5,5,FALSE
Colin Davis,United Kingdom,[1959],0,2,2,0,0,0,0,0,FALSE,,1960,0,1,0,0,0,0,1,FALSE
Jimmy Daywalt,United States,"[1953, 1954, 1955, 1956, 1957, 1959]",0,10,6,0,0,0,0,0,FALSE,,1960,0,0.6,0,0,0,0,6,FALSE
Jean-Denis Délétraz,Switzerland,"[1994, 1995]",0,3,3,0,0,0,0,0,FALSE,,1990,0,1,0,0,0,0,2,FALSE
Patrick Depailler,France,"[1972, 1974, 1975, 1976, 1977, 1978, 1979, 1980]",0,95,95,1,2,19,4,139,FALSE,,1980,0.010526316,1,0.021052632,0.2,0.042105263,1.463157895,8,FALSE
Pedro Diniz,Brazil,"[1995, 1996, 1997, 1998, 1999, 2000]",0,99,98,0,0,0,0,10,FALSE,,2000,0,0.98989899,0,0,0,0.101010101,6,FALSE
Duke Dinsmore,United States,"[1950, 1951, 1953, 1956]",0,6,4,0,0,0,0,0,FALSE,,1950,0,0.666666667,0,0,0,0,4,FALSE
Frank Dochnal,United States,[1963],0,1,0,0,0,0,0,0,FALSE,,1960,0,0,0,0,0,0,1,FALSE
José Dolhem,France,[1974],0,3,1,0,0,0,0,0,FALSE,,1970,0,0.333333333,0,0,0,0,1,FALSE
Martin Donnelly,United Kingdom,"[1989, 1990]",0,15,13,0,0,0,0,0,FALSE,,1990,0,0.866666667,0,0,0,0,2,FALSE
Mark Donohue,United States,"[1971, 1974, 1975]",0,16,14,0,0,1,0,8,FALSE,,1970,0,0.875,0,0.0625,0,0.5,3,FALSE
Robert Doornbos,Monaco Netherlands,"[2005, 2006]",0,11,11,0,0,0,0,0,FALSE,,2010,0,1,0,0,0,0,2,FALSE
Ken Downing,United Kingdom,[1952],0,2,2,0,0,0,0,0,FALSE,,1950,0,1,0,0,0,0,1,FALSE
Bob Drake,United States,[1960],0,1,1,0,0,0,0,0,FALSE,,1960,0,1,0,0,0,0,1,FALSE
Paddy Driver,South Africa,"[1963, 1974]",0,2,1,0,0,0,0,0,FALSE,,1970,0,0.5,0,0,0,0,2,FALSE
Piero Drogo,Italy,[1960],0,1,1,0,0,0,0,0,FALSE,,1960,0,1,0,0,0,0,1,FALSE
Bernard de Dryver,Belgium,"[1977, 1978]",0,2,0,0,0,0,0,0,FALSE,,1980,0,0,0,0,0,0,2,FALSE
Johnny Dumfries,United Kingdom,[1986],0,16,15,0,0,0,0,3,FALSE,,1990,0,0.9375,0,0,0,0.1875,1,FALSE
Geoff Duke,United Kingdom,[1961],0,1,0,0,0,0,0,0,FALSE,,1960,0,0,0,0,0,0,1,FALSE
Len Duncan,United States,[1954],0,4,1,0,0,0,0,0,FALSE,,1950,0,0.25,0,0,0,0,1,FALSE
Piero Dusio,Italy,[1952],0,1,0,0,0,0,0,0,FALSE,,1950,0,0,0,0,0,0,1,FALSE
George Eaton,Canada,"[1969, 1970, 1971]",0,13,11,0,0,0,0,0,FALSE,,1970,0,0.846153846,0,0,0,0,3,FALSE
Bernie Ecclestone,United Kingdom,[1958],0,2,0,0,0,0,0,0,FALSE,,1960,0,0,0,0,0,0,1,FALSE
Don Edmunds,United States,[1957],0,2,1,0,0,0,0,0,FALSE,,1960,0,0.5,0,0,0,0,1,FALSE
Guy Edwards,United Kingdom,"[1974, 1976, 1977]",0,17,11,0,0,0,0,0,FALSE,,1980,0,0.647058824,0,0,0,0,3,FALSE
Vic Elford,United Kingdom,"[1968, 1969, 1971]",0,13,13,0,0,0,0,8,FALSE,,1970,0,1,0,0,0,0.615384615,3,FALSE
Ed Elisian,United States,"[1954, 1955, 1956, 1957, 1958]",0,5,5,0,0,0,0,0,FALSE,,1960,0,1,0,0,0,0,5,FALSE
Paul Emery,United Kingdom,"[1956, 1958]",0,2,1,0,0,0,0,0,FALSE,,1960,0,0.5,0,0,0,0,2,FALSE
Tomáš Enge,Czech Republic,[2001],0,3,3,0,0,0,0,0,FALSE,,2000,0,1,0,0,0,0,1,FALSE
Paul England,Australia,[1957],0,1,1,0,0,0,0,0,FALSE,,1960,0,1,0,0,0,0,1,FALSE
Marcus Ericsson,Sweden,"[2014, 2015, 2016, 2017, 2018]",0,97,97,0,0,0,0,18,FALSE,,2020,0,1,0,0,0,0.18556701,5,FALSE
Harald Ertl,Austria,"[1975, 1976, 1977, 1978, 1980]",0,28,19,0,0,0,0,0,FALSE,,1980,0,0.678571429,0,0,0,0,5,FALSE
Nasif Estéfano,Argentina,"[1960, 1962]",0,2,1,0,0,0,0,0,FALSE,,1960,0,0.5,0,0,0,0,2,FALSE
Philippe Étancelin,France,"[1950, 1951, 1952]",0,12,12,0,0,0,0,3,FALSE,,1950,0,1,0,0,0,0.25,3,FALSE
Bob Evans,United Kingdom,"[1975, 1976]",0,12,10,0,0,0,0,0,FALSE,,1980,0,0.833333333,0,0,0,0,2,FALSE
Corrado Fabi,Italy,"[1983, 1984]",0,18,12,0,0,0,0,0,FALSE,,1980,0,0.666666667,0,0,0,0,2,FALSE
Teo Fabi,Italy,"[1982, 1984, 1985, 1986, 1987]",0,71,64,3,0,2,2,23,FALSE,,1980,0.042253521,0.901408451,0,0.028169014,0.028169014,0.323943662,5,FALSE
Pascal Fabre,France,[1987],0,14,11,0,0,0,0,0,FALSE,,1990,0,0.785714286,0,0,0,0,1,FALSE
Carlo Facetti,Italy,[1974],0,1,0,0,0,0,0,0,FALSE,,1970,0,0,0,0,0,0,1,FALSE
Luigi Fagioli,Italy,"[1950, 1951]",0,7,7,0,1,6,0,28,FALSE,,1950,0,1,0.142857143,0.857142857,0,4,2,FALSE
Jack Fairman,United Kingdom,"[1953, 1955, 1956, 1957, 1958, 1959, 1960, 1961]",0,13,12,0,0,0,0,5,FALSE,,1960,0,0.923076923,0,0,0,0.384615385,8,FALSE
Juan Fangio,Argentina,"[1950, 1951, 1953, 1954, 1955, 1956, 1957, 1958]",5,52,51,29,24,35,23,245,FALSE,"[1951, 1954, 1955, 1956, 1957]",1950,0.557692308,0.980769231,0.461538462,0.673076923,0.442307692,4.711538462,8,TRUE
Nino Farina,Italy,"[1950, 1951, 1952, 1953, 1954, 1955]",1,34,33,5,5,20,5,115.33,FALSE,[1950],1950,0.147058824,0.970588235,0.147058824,0.588235294,0.147058824,3.392058824,6,TRUE
Walt Faulkner,United States,"[1950, 1951, 1953, 1954, 1955]",0,6,5,1,0,0,0,1,FALSE,,1950,0.166666667,0.833333333,0,0,0,0.166666667,5,FALSE
William Ferguson,South Africa,[1972],0,1,0,0,0,0,0,0,FALSE,,1970,0,0,0,0,0,0,1,FALSE
Maria de Filippis,Italy,"[1958, 1959]",0,5,3,0,0,0,0,0,FALSE,,1960,0,0.6,0,0,0,0,2,FALSE
Ralph Firman,Ireland,[2003],0,15,14,0,0,0,0,1,FALSE,,2000,0,0.933333333,0,0,0,0.066666667,1,FALSE
Ludwig Fischer,West Germany,[1952],0,1,0,0,0,0,0,0,FALSE,,1950,0,0,0,0,0,0,1,FALSE
Rudi Fischer,Switzerland,"[1951, 1952]",0,8,7,0,0,2,0,10,FALSE,,1950,0,0.875,0,0.25,0,1.25,2,FALSE
Mike Fisher,United States,[1967],0,2,1,0,0,0,0,0,FALSE,,1970,0,0.5,0,0,0,0,1,FALSE
Giancarlo Fisichella,Italy,"[1996, 1997, 1998, 1999, 2000, 2001, 2002, 2003, 2004, 2005, 2006, 2007, 2008, 2009]",0,231,229,4,3,19,2,275,FALSE,,2000,0.017316017,0.991341991,0.012987013,0.082251082,0.008658009,1.19047619,14,FALSE
John Fitch,United States,"[1953, 1955]",0,2,2,0,0,0,0,0,FALSE,,1950,0,1,0,0,0,0,2,FALSE
Christian Fittipaldi,Brazil,"[1992, 1993, 1994]",0,43,40,0,0,0,0,12,FALSE,,1990,0,0.930232558,0,0,0,0.279069767,3,FALSE
Emerson Fittipaldi,Brazil,"[1970, 1971, 1972, 1973, 1974, 1975, 1976, 1977, 1978, 1979, 1980]",2,149,144,6,14,35,6,281,FALSE,"[1972, 1974]",1980,0.040268456,0.966442953,0.093959732,0.234899329,0.040268456,1.88590604,11,TRUE
Pietro Fittipaldi,Brazil,[2020],0,2,2,0,0,0,0,0,FALSE,,2020,0,1,0,0,0,0,1,FALSE
Wilson Fittipaldi,Brazil,"[1972, 1973, 1975]",0,38,35,0,0,0,0,3,FALSE,,1970,0,0.921052632,0,0,0,0.078947368,3,FALSE
Theo Fitzau,East Germany,[1953],0,1,1,0,0,0,0,0,FALSE,,1950,0,1,0,0,0,0,1,FALSE
Pat Flaherty,United States,"[1950, 1953, 1954, 1955, 1956, 1959]",0,6,6,1,1,1,0,8,FALSE,,1950,0.166666667,1,0.166666667,0.166666667,0,1.333333333,6,FALSE
Jan Flinterman,Netherlands,[1952],0,1,1,0,0,0,0,0,FALSE,,1950,0,1,0,0,0,0,1,FALSE
Ron Flockhart,United Kingdom,"[1954, 1956, 1957, 1958, 1959, 1960]",0,14,14,0,0,1,0,5,FALSE,,1960,0,1,0,0.071428571,0,0.357142857,6,FALSE
Myron Fohr,United States,[1950],0,1,1,0,0,0,0,0,FALSE,,1950,0,1,0,0,0,0,1,FALSE
Gregor Foitek,Switzerland,"[1989, 1990]",0,22,7,0,0,0,0,0,FALSE,,1990,0,0.318181818,0,0,0,0,2,FALSE
George Follmer,United States,[1973],0,13,12,0,0,1,0,5,FALSE,,1970,0,0.923076923,0,0.076923077,0,0.384615385,1,FALSE
George Fonder,United States,"[1952, 1954]",0,5,2,0,0,0,0,0,FALSE,,1950,0,0.4,0,0,0,0,2,FALSE
Norberto Fontana,Argentina,[1997],0,4,4,0,0,0,0,0,FALSE,,2000,0,1,0,0,0,0,1,FALSE
Azdrubal Fontes,Uruguay,[1959],0,1,0,0,0,0,0,0,FALSE,,1960,0,0,0,0,0,0,1,FALSE
Carl Forberg,United States,[1951],0,3,1,0,0,0,0,0,FALSE,,1950,0,0.333333333,0,0,0,0,1,FALSE
Gene Force,United States,"[1951, 1960]",0,5,2,0,0,0,0,0,FALSE,,1960,0,0.4,0,0,0,0,2,FALSE
Franco Forini,Switzerland,[1987],0,3,2,0,0,0,0,0,FALSE,,1990,0,0.666666667,0,0,0,0,1,FALSE
Philip Fotheringham-Parker,United Kingdom,[1951],0,1,1,0,0,0,0,0,FALSE,,1950,0,1,0,0,0,0,1,FALSE
Anthony Foyt,United States,"[1958, 1959, 1960]",0,3,3,0,0,0,0,0,FALSE,,1960,0,1,0,0,0,0,3,FALSE
Giorgio Francia,Italy,"[1977, 1981]",0,2,0,0,0,0,0,0,FALSE,,1980,0,0,0,0,0,0,2,FALSE
Don Freeland,United States,"[1953, 1954, 1955, 1956, 1957, 1958, 1959, 1960]",0,8,8,0,0,1,0,4,FALSE,,1960,0,1,0,0.125,0,0.5,8,FALSE
Heinz-Harald Frentzen,Germany,"[1994, 1995, 1996, 1997, 1998, 1999, 2000, 2001, 2002, 2003]",0,160,156,2,3,18,6,174,FALSE,,2000,0.0125,0.975,0.01875,0.1125,0.0375,1.0875,10,FALSE
Paul Frère,Belgium,"[1952, 1953, 1954, 1955, 1956]",0,11,11,0,0,1,0,11,FALSE,,1950,0,1,0,0.090909091,0,1,5,FALSE
Patrick Friesacher,Austria,[2005],0,11,11,0,0,0,0,3,FALSE,,2000,0,1,0,0,0,0.272727273,1,FALSE
Joe Fry,United Kingdom,[1950],0,1,1,0,0,0,0,0,FALSE,,1950,0,1,0,0,0,0,1,FALSE
Hiroshi Fushida,Japan,[1975],0,2,0,0,0,0,0,0,FALSE,,1980,0,0,0,0,0,0,1,FALSE
Beppe Gabbiani,Italy,"[1978, 1981]",0,17,3,0,0,0,0,0,FALSE,,1980,0,0.176470588,0,0,0,0,2,FALSE
Bertrand Gachot,Belgium France,"[1989, 1990, 1991, 1992, 1994, 1995]",0,84,47,0,0,0,1,5,FALSE,,1990,0,0.55952381,0,0,0.011904762,0.05952381,6,FALSE
Patrick Gaillard,France,[1979],0,5,2,0,0,0,0,0,FALSE,,1980,0,0.4,0,0,0,0,1,FALSE
Divina Galica,United Kingdom,"[1976, 1978]",0,3,0,0,0,0,0,0,FALSE,,1980,0,0,0,0,0,0,2,FALSE
Nanni Galli,Italy,"[1970, 1971, 1972, 1973]",0,20,17,0,0,0,0,0,FALSE,,1970,0,0.85,0,0,0,0,4,FALSE
Oscar Gálvez,Argentina,[1953],0,1,1,0,0,0,0,2,FALSE,,1950,0,1,0,0,0,2,1,FALSE
Fred Gamble,United States,[1960],0,1,1,0,0,0,0,0,FALSE,,1960,0,1,0,0,0,0,1,FALSE
Howden Ganley,New Zealand,"[1971, 1972, 1973, 1974]",0,41,35,0,0,0,0,10,FALSE,,1970,0,0.853658537,0,0,0,0.243902439,4,FALSE
Giedo van der Garde,Netherlands,[2013],0,19,19,0,0,0,0,0,FALSE,,2010,0,1,0,0,0,0,1,FALSE
Frank Gardner,Australia,"[1964, 1965, 1968]",0,9,8,0,0,0,0,0,FALSE,,1970,0,0.888888889,0,0,0,0,3,FALSE
Billy Garrett,United States,"[1956, 1958]",0,3,2,0,0,0,0,0,FALSE,,1960,0,0.666666667,0,0,0,0,2,FALSE
Jo Gartner,Austria,[1984],0,8,8,0,0,0,0,0,FALSE,,1980,0,1,0,0,0,0,1,FALSE
Sergio Pérez,Mexico,"[2011, 2012, 2013, 2014, 2015, 2016, 2017, 2018, 2019, 2020, 2021, 2022]",0,240,236,1,4,27,9,1219,TRUE,,2020,0.004166667,0.983333333,0.016666667,0.1125,0.0375,5.079166667,12,FALSE
Tony Gaze,Australia,[1952],0,4,3,0,0,0,0,0,FALSE,,1950,0,0.75,0,0,0,0,1,FALSE
Giacomo Russo,Italy,"[1964, 1965, 1966]",0,3,2,0,0,0,0,0,FALSE,,1960,0,0.666666667,0,0,0,0,3,FALSE
Olivier Gendebien,Belgium,"[1956, 1958, 1959, 1960, 1961]",0,15,14,0,0,2,0,18,FALSE,,1960,0,0.933333333,0,0.133333333,0,1.2,5,FALSE
Marc Gené,Spain,"[1999, 2000, 2003, 2004]",0,36,36,0,0,0,0,5,FALSE,,2000,0,1,0,0,0,0.138888889,4,FALSE
Elmer George,United States,[1957],0,3,1,0,0,0,0,0,FALSE,,1960,0,0.333333333,0,0,0,0,1,FALSE
Bob Gerard,United Kingdom,"[1950, 1951, 1953, 1954, 1956, 1957]",0,8,8,0,0,0,0,0,FALSE,,1950,0,1,0,0,0,0,6,FALSE
Gerino Gerini,Italy,"[1956, 1958]",0,7,6,0,0,0,0,1.5,FALSE,,1960,0,0.857142857,0,0,0,0.214285714,2,FALSE
Peter Gethin,United Kingdom,"[1970, 1971, 1972, 1973, 1974]",0,31,30,0,1,1,0,11,FALSE,,1970,0,0.967741935,0.032258065,0.032258065,0,0.35483871,5,FALSE
Piercarlo Ghinzani,Italy,"[1981, 1983, 1984, 1985, 1986, 1987, 1988, 1989]",0,111,74,0,0,0,0,2,FALSE,,1990,0,0.666666667,0,0,0,0.018018018,8,FALSE
Bruno Giacomelli,Italy,"[1977, 1978, 1979, 1980, 1981, 1982, 1983, 1990]",0,82,69,1,0,1,0,14,FALSE,,1980,0.012195122,0.841463415,0,0.012195122,0,0.170731707,8,FALSE
Dick Gibson,United Kingdom,"[1957, 1958]",0,2,2,0,0,0,0,0,FALSE,,1960,0,1,0,0,0,0,2,FALSE
Carlo Franchi,Italy,[1978],0,1,0,0,0,0,0,0,FALSE,,1980,0,0,0,0,0,0,1,FALSE
Richie Ginther,United States,"[1960, 1961, 1962, 1963, 1964, 1965, 1966, 1967]",0,54,52,0,1,14,3,102,FALSE,,1960,0,0.962962963,0.018518519,0.259259259,0.055555556,1.888888889,8,FALSE
Antonio Giovinazzi,Italy,"[2017, 2019, 2020, 2021]",0,62,62,0,0,0,0,21,FALSE,,2020,0,1,0,0,0,0.338709677,4,FALSE
Yves Cabantous,France,"[1950, 1951, 1952, 1953]",0,13,13,0,0,0,0,5,FALSE,,1950,0,1,0,0,0,0.384615385,4,FALSE
Ignazio Giunti,Italy,[1970],0,4,4,0,0,0,0,3,FALSE,,1970,0,1,0,0,0,0.75,1,FALSE
Timo Glock,Germany,"[2004, 2008, 2009, 2010, 2011, 2012]",0,95,91,0,0,3,1,51,FALSE,,2010,0,0.957894737,0,0.031578947,0.010526316,0.536842105,6,FALSE
Helm Glöckler,West Germany,[1953],0,1,0,0,0,0,0,0,FALSE,,1950,0,0,0,0,0,0,1,FALSE
Paco Godia,Spain,"[1951, 1954, 1956, 1957, 1958]",0,14,13,0,0,0,0,6,FALSE,,1960,0,0.928571429,0,0,0,0.428571429,5,FALSE
Carel Godin de Beaufort,Netherlands,"[1957, 1958, 1959, 1960, 1961, 1962, 1963, 1964]",0,31,28,0,0,0,0,4,FALSE,,1960,0,0.903225806,0,0,0,0.129032258,8,FALSE
Christian Goethals,Belgium,[1958],0,1,1,0,0,0,0,0,FALSE,,1960,0,1,0,0,0,0,1,FALSE
Paul Goldsmith,United States,"[1958, 1959, 1960]",0,3,3,0,0,1,0,6,FALSE,,1960,0,1,0,0.333333333,0,2,3,FALSE
José Froilán González,Argentina,"[1950, 1951, 1952, 1953, 1954, 1955, 1956, 1957, 1960]",0,26,26,3,2,15,6,72.14,FALSE,,1950,0.115384615,1,0.076923077,0.576923077,0.230769231,2.774615385,9,FALSE
Óscar González,Uruguay,[1956],0,1,1,0,0,0,0,0,FALSE,,1960,0,1,0,0,0,0,1,FALSE
Aldo Gordini,France,[1951],0,1,1,0,0,0,0,0,FALSE,,1950,0,1,0,0,0,0,1,FALSE
Horace Gould,United Kingdom,"[1954, 1955, 1956, 1957, 1958, 1960]",0,18,14,0,0,0,0,2,FALSE,,1960,0,0.777777778,0,0,0,0.111111111,6,FALSE
Jean-Marc Gounon,France,"[1993, 1994]",0,9,9,0,0,0,0,0,FALSE,,1990,0,1,0,0,0,0,2,FALSE
Toulo de Graffenried,Switzerland,"[1950, 1951, 1952, 1953, 1954, 1956]",0,23,22,0,0,0,0,9,FALSE,,1950,0,0.956521739,0,0,0,0.391304348,6,FALSE
Lucas di Grassi,Brazil,[2010],0,19,18,0,0,0,0,0,FALSE,,2010,0,0.947368421,0,0,0,0,1,FALSE
Cecil Green,United States,"[1950, 1951]",0,2,2,0,0,0,0,3,FALSE,,1950,0,1,0,0,0,1.5,2,FALSE
Keith Greene,United Kingdom,"[1959, 1960, 1961, 1962]",0,6,3,0,0,0,0,0,FALSE,,1960,0,0.5,0,0,0,0,4,FALSE
Masten Gregory,United States,"[1957, 1958, 1959, 1960, 1961, 1962, 1963, 1965]",0,43,38,0,0,3,0,21,FALSE,,1960,0,0.88372093,0,0.069767442,0,0.488372093,8,FALSE
Cliff Griffith,United States,"[1951, 1952, 1956]",0,7,3,0,0,0,0,0,FALSE,,1950,0,0.428571429,0,0,0,0,3,FALSE
Georges Grignard,France,[1951],0,1,1,0,0,0,0,0,FALSE,,1950,0,1,0,0,0,0,1,FALSE
Bobby Grim,United States,"[1959, 1960]",0,2,2,0,0,0,0,0,FALSE,,1960,0,1,0,0,0,0,2,FALSE
Romain Grosjean,France,"[2009, 2012, 2013, 2014, 2015, 2016, 2017, 2018, 2019, 2020]",0,181,179,0,0,10,1,391,FALSE,,2020,0,0.988950276,0,0.055248619,0.005524862,2.160220994,10,FALSE
Olivier Grouillard,France,"[1989, 1990, 1991, 1992]",0,62,41,0,0,0,0,1,FALSE,,1990,0,0.661290323,0,0,0,0.016129032,4,FALSE
Brian Gubby,United Kingdom,[1965],0,1,0,0,0,0,0,0,FALSE,,1960,0,0,0,0,0,0,1,FALSE
André Guelfi,France,[1958],0,1,1,0,0,0,0,0,FALSE,,1960,0,1,0,0,0,0,1,FALSE
Miguel Ángel Guerra,Argentina,[1981],0,4,1,0,0,0,0,0,FALSE,,1980,0,0.25,0,0,0,0,1,FALSE
Roberto Guerrero,Colombia,"[1982, 1983]",0,29,21,0,0,0,0,0,FALSE,,1980,0,0.724137931,0,0,0,0,2,FALSE
Maurício Gugelmin,Brazil,"[1988, 1989, 1990, 1991, 1992]",0,80,74,0,0,1,1,10,FALSE,,1990,0,0.925,0,0.0125,0.0125,0.125,5,FALSE
Dan Gurney,United States,"[1959, 1960, 1961, 1962, 1963, 1964, 1965, 1966, 1967, 1968, 1970]",0,87,86,3,4,19,6,133,FALSE,,1960,0.034482759,0.988505747,0.045977011,0.218390805,0.068965517,1.528735632,11,FALSE
Esteban Gutiérrez,Mexico,"[2013, 2014, 2016]",0,59,59,0,0,0,1,6,FALSE,,2010,0,1,0,0,0.016949153,0.101694915,3,FALSE
Hubert Hahne,West Germany,"[1967, 1968, 1970]",0,3,2,0,0,0,0,0,FALSE,,1970,0,0.666666667,0,0,0,0,3,FALSE
Mike Hailwood,United Kingdom,"[1963, 1964, 1965, 1971, 1972, 1973, 1974]",0,50,50,0,0,2,1,29,FALSE,,1970,0,1,0,0.04,0.02,0.58,7,FALSE
Mika Häkkinen,Finland,"[1991, 1992, 1993, 1994, 1995, 1996, 1997, 1998, 1999, 2000, 2001]",2,165,161,26,20,51,25,420,FALSE,"[1998, 1999]",2000,0.157575758,0.975757576,0.121212121,0.309090909,0.151515152,2.545454545,11,TRUE
Bruce Halford,United Kingdom,"[1956, 1957, 1959, 1960]",0,9,8,0,0,0,0,0,FALSE,,1960,0,0.888888889,0,0,0,0,4,FALSE
Jim Hall,United States,"[1960, 1961, 1962, 1963]",0,12,11,0,0,0,0,3,FALSE,,1960,0,0.916666667,0,0,0,0.25,4,FALSE
Duncan Hamilton,United Kingdom,"[1951, 1952, 1953]",0,5,5,0,0,0,0,0,FALSE,,1950,0,1,0,0,0,0,3,FALSE
Valtteri Bottas,Finland,"[2013, 2014, 2015, 2016, 2017, 2018, 2019, 2020, 2021, 2022]",0,202,201,20,10,67,19,1791,TRUE,,2020,0.099009901,0.995049505,0.04950495,0.331683168,0.094059406,8.866336634,10,FALSE
David Hampshire,United Kingdom,[1950],0,2,2,0,0,0,0,0,FALSE,,1950,0,1,0,0,0,0,1,FALSE
Sam Hanks,United States,"[1950, 1951, 1952, 1953, 1954, 1955, 1956, 1957]",0,8,8,0,1,4,0,20,FALSE,,1950,0,1,0.125,0.5,0,2.5,8,FALSE
Walt Hansgen,United States,"[1961, 1964]",0,2,2,0,0,0,0,2,FALSE,,1960,0,1,0,0,0,1,2,FALSE
Mike Harris,South Africa,[1962],0,1,1,0,0,0,0,0,FALSE,,1960,0,1,0,0,0,0,1,FALSE
Cuth Harrison,United Kingdom,[1950],0,3,3,0,0,0,0,0,FALSE,,1950,0,1,0,0,0,0,1,FALSE
Brian Hart,United Kingdom,[1967],0,1,0,0,0,0,0,0,FALSE,,1970,0,0,0,0,0,0,1,FALSE
Brendon Hartley,New Zealand,"[2017, 2018]",0,25,25,0,0,0,0,4,FALSE,,2020,0,1,0,0,0,0.16,2,FALSE
Gene Hartley,United States,"[1950, 1952, 1953, 1954, 1955, 1956, 1957, 1958, 1959, 1960]",0,10,8,0,0,0,0,0,FALSE,,1960,0,0.8,0,0,0,0,10,FALSE
Rio Haryanto,Indonesia,[2016],0,12,12,0,0,0,0,0,FALSE,,2020,0,1,0,0,0,0,1,FALSE
Masahiro Hasemi,Japan,[1976],0,1,1,0,0,0,0,0,FALSE,,1980,0,1,0,0,0,0,1,FALSE
Naoki Hattori,Japan,[1991],0,2,0,0,0,0,0,0,FALSE,,1990,0,0,0,0,0,0,1,FALSE
Paul Hawkins,Australia,[1965],0,3,3,0,0,0,0,0,FALSE,,1960,0,1,0,0,0,0,1,FALSE
Mike Hawthorn,United Kingdom,"[1952, 1953, 1954, 1955, 1956, 1957, 1958]",1,47,45,4,3,18,6,112.64,FALSE,[1958],1960,0.085106383,0.957446809,0.063829787,0.382978723,0.127659574,2.396595745,7,TRUE
Boy Lunger,Netherlands,"[1976, 1977]",0,7,3,0,0,0,0,0,FALSE,,1980,0,0.428571429,0,0,0,0,2,FALSE
Willi Heeks,West Germany,"[1952, 1953]",0,2,2,0,0,0,0,0,FALSE,,1950,0,1,0,0,0,0,2,FALSE
Nick Heidfeld,Germany,"[2000, 2001, 2002, 2003, 2004, 2005, 2006, 2007, 2008, 2009, 2010, 2011]",0,185,183,1,0,13,2,259,FALSE,,2010,0.005405405,0.989189189,0,0.07027027,0.010810811,1.4,12,FALSE
Theo Helfrich,West Germany,"[1952, 1953, 1954]",0,3,3,0,0,0,0,0,FALSE,,1950,0,1,0,0,0,0,3,FALSE
Mack Hellings,United States,"[1950, 1951]",0,2,2,0,0,0,0,0,FALSE,,1950,0,1,0,0,0,0,2,FALSE
Brian Henton,United Kingdom,"[1975, 1977, 1981, 1982]",0,37,19,0,0,0,1,0,FALSE,,1980,0,0.513513514,0,0,0.027027027,0,4,FALSE
Johnny Herbert,United Kingdom,"[1989, 1990, 1991, 1992, 1993, 1994, 1995, 1996, 1997, 1998, 1999, 2000]",0,165,160,0,3,7,0,98,FALSE,,1990,0,0.96969697,0.018181818,0.042424242,0,0.593939394,12,FALSE
Al Herman,United States,"[1955, 1956, 1957, 1959, 1960]",0,8,5,0,0,0,0,0,FALSE,,1960,0,0.625,0,0,0,0,5,FALSE
Hans Herrmann,West Germany,"[1953, 1954, 1955, 1957, 1958, 1959, 1960, 1961]",0,19,17,0,0,1,1,10,FALSE,,1960,0,0.894736842,0,0.052631579,0.052631579,0.526315789,8,FALSE
François Hesnault,France,"[1984, 1985]",0,21,19,0,0,0,0,0,FALSE,,1980,0,0.904761905,0,0,0,0,2,FALSE
Hans Heyer,West Germany,[1977],0,1,1,0,0,0,0,0,FALSE,,1980,0,1,0,0,0,0,1,FALSE
Damon Hill,United Kingdom,"[1992, 1993, 1994, 1995, 1996, 1997, 1998, 1999]",1,122,115,20,22,42,19,360,FALSE,[1996],2000,0.163934426,0.942622951,0.180327869,0.344262295,0.155737705,2.950819672,8,TRUE
Graham Hill,United Kingdom,"[1958, 1959, 1960, 1961, 1962, 1963, 1964, 1965, 1966, 1967, 1968, 1969, 1970, 1971, 1972, 1973, 1974, 1975]",2,179,176,13,14,36,10,270,FALSE,"[1962, 1968]",1970,0.072625698,0.983240223,0.078212291,0.201117318,0.055865922,1.508379888,18,TRUE
Phil Hill,United States,"[1958, 1959, 1960, 1961, 1962, 1963, 1964, 1966]",1,52,49,6,3,16,6,94,FALSE,[1961],1960,0.115384615,0.942307692,0.057692308,0.307692308,0.115384615,1.807692308,8,TRUE
Peter Hirt,Switzerland,"[1951, 1952, 1953]",0,5,5,0,0,0,0,0,FALSE,,1950,0,1,0,0,0,0,3,FALSE
David Hobbs,United Kingdom,"[1967, 1968, 1971, 1974]",0,7,7,0,0,0,0,0,FALSE,,1970,0,1,0,0,0,0,4,FALSE
Gary Hocking,Rhodesia and Nyasaland,[1962],0,1,0,0,0,0,0,0,FALSE,,1960,0,0,0,0,0,0,1,FALSE
Ingo Hoffmann,Brazil,"[1976, 1977]",0,6,3,0,0,0,0,0,FALSE,,1980,0,0.5,0,0,0,0,2,FALSE
Bill Holland,United States,"[1950, 1953]",0,3,2,0,0,1,0,6,FALSE,,1950,0,0.666666667,0,0.333333333,0,2,2,FALSE
Jackie Holmes,United States,"[1950, 1953]",0,4,2,0,0,0,0,0,FALSE,,1950,0,0.5,0,0,0,0,2,FALSE
Bill Homeier,United States,"[1954, 1955, 1960]",0,6,3,0,0,0,0,1,FALSE,,1960,0,0.5,0,0,0,0.166666667,3,FALSE
Kazuyoshi Hoshino,Japan,"[1976, 1977]",0,2,2,0,0,0,0,0,FALSE,,1980,0,1,0,0,0,0,2,FALSE
Jerry Hoyt,United States,"[1950, 1953, 1954, 1955]",0,4,4,1,0,0,0,0,FALSE,,1950,0.25,1,0,0,0,0,4,FALSE
Kevin Magnussen,Denmark,"[2014, 2015, 2016, 2017, 2018, 2019, 2020, 2022]",0,143,142,1,0,1,2,183,TRUE,,2020,0.006993007,0.993006993,0,0.006993007,0.013986014,1.27972028,8,FALSE
Denny Hulme,New Zealand,"[1965, 1966, 1967, 1968, 1969, 1970, 1971, 1972, 1973, 1974]",1,112,112,1,8,33,9,248,FALSE,[1967],1970,0.008928571,1,0.071428571,0.294642857,0.080357143,2.214285714,10,TRUE
James Hunt,United Kingdom,"[1973, 1974, 1975, 1976, 1977, 1978, 1979]",1,93,92,14,10,23,8,179,FALSE,[1976],1980,0.150537634,0.989247312,0.107526882,0.247311828,0.086021505,1.924731183,7,TRUE
Jim Hurtubise,United States,[1960],0,1,1,0,0,0,0,0,FALSE,,1960,0,1,0,0,0,0,1,FALSE
Gus Hutchison,United States,[1970],0,1,1,0,0,0,0,0,FALSE,,1970,0,1,0,0,0,0,1,FALSE
Jacky Ickx,Belgium,"[1967, 1968, 1969, 1970, 1971, 1972, 1973, 1974, 1975, 1976, 1977, 1978, 1979]",0,120,114,13,8,25,14,181,FALSE,,1970,0.108333333,0.95,0.066666667,0.208333333,0.116666667,1.508333333,13,FALSE
Yuji Ide,Japan,[2006],0,4,4,0,0,0,0,0,FALSE,,2010,0,1,0,0,0,0,1,FALSE
Jesús Iglesias,Argentina,[1955],0,1,1,0,0,0,0,0,FALSE,,1960,0,1,0,0,0,0,1,FALSE
Taki Inoue,Japan,"[1994, 1995]",0,18,18,0,0,0,0,0,FALSE,,1990,0,1,0,0,0,0,2,FALSE
Innes Ireland,United Kingdom,"[1959, 1960, 1961, 1962, 1963, 1964, 1965, 1966]",0,53,50,0,1,4,1,47,FALSE,,1960,0,0.943396226,0.018867925,0.075471698,0.018867925,0.886792453,8,FALSE
Eddie Irvine,United Kingdom,"[1993, 1994, 1995, 1996, 1997, 1998, 1999, 2000, 2001, 2002]",0,148,145,0,4,26,1,191,FALSE,,2000,0,0.97972973,0.027027027,0.175675676,0.006756757,1.290540541,10,FALSE
Chris Irwin,United Kingdom,"[1966, 1967]",0,10,10,0,0,0,0,2,FALSE,,1970,0,1,0,0,0,0.2,2,FALSE
Jean-Pierre Jabouille,France,"[1974, 1975, 1977, 1978, 1979, 1980, 1981]",0,55,49,6,2,2,0,21,FALSE,,1980,0.109090909,0.890909091,0.036363636,0.036363636,0,0.381818182,7,FALSE
Jimmy Jackson,United States,"[1950, 1954]",0,3,2,0,0,0,0,0,FALSE,,1950,0,0.666666667,0,0,0,0,2,FALSE
Joe James,United States,"[1951, 1952]",0,3,2,0,0,0,0,0,FALSE,,1950,0,0.666666667,0,0,0,0,2,FALSE
John James,United Kingdom,[1951],0,1,1,0,0,0,0,0,FALSE,,1950,0,1,0,0,0,0,1,FALSE
Jean-Pierre Jarier,France,"[1971, 1973, 1974, 1975, 1976, 1977, 1978, 1979, 1980, 1981, 1982, 1983]",0,143,135,3,0,3,3,31.5,FALSE,,1980,0.020979021,0.944055944,0,0.020979021,0.020979021,0.22027972,12,FALSE
Max Jean,France,[1971],0,1,1,0,0,0,0,0,FALSE,,1970,0,1,0,0,0,0,1,FALSE
Stefan Johansson,Sweden,"[1980, 1983, 1984, 1985, 1986, 1987, 1988, 1989, 1990, 1991]",0,103,79,0,0,12,0,88,FALSE,,1990,0,0.766990291,0,0.116504854,0,0.854368932,10,FALSE
Eddie Johnson,United States,"[1952, 1953, 1954, 1955, 1956, 1957, 1958, 1959, 1960]",0,9,9,0,0,0,0,1,FALSE,,1960,0,1,0,0,0,0.111111111,9,FALSE
Leslie Johnson,United Kingdom,[1950],0,1,1,0,0,0,0,0,FALSE,,1950,0,1,0,0,0,0,1,FALSE
Bruce Johnstone,South Africa,[1962],0,1,1,0,0,0,0,0,FALSE,,1960,0,1,0,0,0,0,1,FALSE
Alan Jones,Australia,"[1975, 1976, 1977, 1978, 1979, 1980, 1981, 1983, 1985, 1986]",1,117,116,6,12,24,13,199,FALSE,[1980],1980,0.051282051,0.991452991,0.102564103,0.205128205,0.111111111,1.700854701,10,TRUE
Tom Jones,United States,[1967],0,1,0,0,0,0,0,0,FALSE,,1970,0,0,0,0,0,0,1,FALSE
Juan Jover,Spain,[1951],0,1,0,0,0,0,0,0,FALSE,,1950,0,0,0,0,0,0,1,FALSE
Oswald Karch,West Germany,[1953],0,1,1,0,0,0,0,0,FALSE,,1950,0,1,0,0,0,0,1,FALSE
Narain Karthikeyan,India,"[2005, 2011, 2012]",0,48,46,0,0,0,0,5,FALSE,,2010,0,0.958333333,0,0,0,0.104166667,3,FALSE
Ukyo Katayama,Japan,"[1992, 1993, 1994, 1995, 1996, 1997]",0,97,95,0,0,0,0,5,FALSE,,1990,0,0.979381443,0,0,0,0.051546392,6,FALSE
Ken Kavanagh,Australia,[1958],0,2,0,0,0,0,0,0,FALSE,,1960,0,0,0,0,0,0,1,FALSE
Rupert Keegan,United Kingdom,"[1977, 1978, 1980, 1982]",0,37,25,0,0,0,0,0,FALSE,,1980,0,0.675675676,0,0,0,0,4,FALSE
Eddie Keizan,South Africa,"[1973, 1974, 1975]",0,3,3,0,0,0,0,0,FALSE,,1970,0,1,0,0,0,0,3,FALSE
Al Keller,United States,"[1955, 1956, 1957, 1958, 1959]",0,6,5,0,0,0,0,0,FALSE,,1960,0,0.833333333,0,0,0,0,5,FALSE
Joe Kelly,Ireland,"[1950, 1951]",0,2,2,0,0,0,0,0,FALSE,,1950,0,1,0,0,0,0,2,FALSE
Dave Kennedy,Ireland,[1980],0,7,0,0,0,0,0,0,FALSE,,1980,0,0,0,0,0,0,1,FALSE
Loris Kessel,Switzerland,"[1976, 1977]",0,6,3,0,0,0,0,0,FALSE,,1980,0,0.5,0,0,0,0,2,FALSE
Bruce Kessler,United States,[1958],0,1,0,0,0,0,0,0,FALSE,,1960,0,0,0,0,0,0,1,FALSE
Nicolas Kiesa,Denmark,[2003],0,5,5,0,0,0,0,0,FALSE,,2000,0,1,0,0,0,0,1,FALSE
Leo Kinnunen,Finland,[1974],0,6,1,0,0,0,0,0,FALSE,,1970,0,0.166666667,0,0,0,0,1,FALSE
Danny Kladis,United States,[1954],0,5,1,0,0,0,0,0,FALSE,,1950,0,0.2,0,0,0,0,1,FALSE
Hans Klenk,West Germany,[1952],0,1,1,0,0,0,0,0,FALSE,,1950,0,1,0,0,0,0,1,FALSE
Peter de Klerk,South Africa,"[1963, 1965, 1969, 1970]",0,4,4,0,0,0,0,0,FALSE,,1970,0,1,0,0,0,0,4,FALSE
Christian Klien,Austria,"[2004, 2005, 2006, 2010]",0,51,49,0,0,0,0,14,FALSE,,2010,0,0.960784314,0,0,0,0.274509804,4,FALSE
Karl Kling,West Germany,"[1954, 1955]",0,11,11,0,0,2,1,17,FALSE,,1950,0,1,0,0.181818182,0.090909091,1.545454545,2,FALSE
Ernst Klodwig,East Germany,"[1952, 1953]",0,2,2,0,0,0,0,0,FALSE,,1950,0,1,0,0,0,0,2,FALSE
Kamui Kobayashi,Japan,"[2009, 2010, 2011, 2012, 2014]",0,76,75,0,0,1,1,125,FALSE,,2010,0,0.986842105,0,0.013157895,0.013157895,1.644736842,5,FALSE
Helmuth Koinigg,Austria,[1974],0,3,2,0,0,0,0,0,FALSE,,1970,0,0.666666667,0,0,0,0,1,FALSE
Heikki Kovalainen,Finland,"[2007, 2008, 2009, 2010, 2011, 2012, 2013]",0,112,111,1,1,4,2,105,FALSE,,2010,0.008928571,0.991071429,0.008928571,0.035714286,0.017857143,0.9375,7,FALSE
Mikko Kozarowitzky,Finland,[1977],0,2,0,0,0,0,0,0,FALSE,,1980,0,0,0,0,0,0,1,FALSE
Willi Krakau,West Germany,[1952],0,1,0,0,0,0,0,0,FALSE,,1950,0,0,0,0,0,0,1,FALSE
Rudolf Krause,East Germany,"[1952, 1953]",0,2,2,0,0,0,0,0,FALSE,,1950,0,1,0,0,0,0,2,FALSE
Robert Kubica,Poland,"[2006, 2007, 2008, 2009, 2010, 2019, 2021]",0,99,99,1,1,12,1,274,FALSE,,2010,0.01010101,1,0.01010101,0.121212121,0.01010101,2.767676768,7,FALSE
Kurt Kuhnke,West Germany,[1963],0,1,0,0,0,0,0,0,FALSE,,1960,0,0,0,0,0,0,1,FALSE
Masami Kuwashima,Japan,[1976],0,1,0,0,0,0,0,0,FALSE,,1980,0,0,0,0,0,0,1,FALSE
Daniil Kvyat,Russia,"[2014, 2015, 2016, 2017, 2019, 2020]",0,112,110,0,0,3,1,202,FALSE,,2020,0,0.982142857,0,0.026785714,0.008928571,1.803571429,6,FALSE
Robert La Caze,Morocco,[1958],0,1,1,0,0,0,0,0,FALSE,,1960,0,1,0,0,0,0,1,FALSE
Jacques Laffite,France,"[1974, 1975, 1976, 1977, 1978, 1979, 1980, 1981, 1982, 1983, 1984, 1985, 1986]",0,180,176,7,6,32,7,228,FALSE,,1980,0.038888889,0.977777778,0.033333333,0.177777778,0.038888889,1.266666667,13,FALSE
Franck Lagorce,France,[1994],0,2,2,0,0,0,0,0,FALSE,,1990,0,1,0,0,0,0,1,FALSE
Jan Lammers,Netherlands,"[1979, 1980, 1981, 1982, 1992]",0,41,23,0,0,0,0,0,FALSE,,1980,0,0.56097561,0,0,0,0,5,FALSE
Pedro Lamy,Portugal,"[1993, 1994, 1995, 1996]",0,32,32,0,0,0,0,1,FALSE,,1990,0,1,0,0,0,0.03125,4,FALSE
Chico Landi,Brazil,"[1951, 1952, 1953, 1956]",0,6,6,0,0,0,0,1.5,FALSE,,1950,0,1,0,0,0,0.25,4,FALSE
Hermann Lang,West Germany,"[1953, 1954]",0,2,2,0,0,0,0,2,FALSE,,1950,0,1,0,0,0,1,2,FALSE
Claudio Langes,Italy,[1990],0,14,0,0,0,0,0,0,FALSE,,1990,0,0,0,0,0,0,1,FALSE
Nicola Larini,Italy,"[1987, 1988, 1989, 1990, 1991, 1992, 1994, 1997]",0,75,49,0,0,1,0,7,FALSE,,1990,0,0.653333333,0,0.013333333,0,0.093333333,8,FALSE
Oscar Larrauri,Argentina,"[1988, 1989]",0,21,8,0,0,0,0,0,FALSE,,1990,0,0.380952381,0,0,0,0,2,FALSE
Gérard Larrousse,France,[1974],0,2,1,0,0,0,0,0,FALSE,,1970,0,0.5,0,0,0,0,1,FALSE
Jud Larson,United States,"[1958, 1959]",0,5,2,0,0,0,0,0,FALSE,,1960,0,0.4,0,0,0,0,2,FALSE
Nicholas Latifi,Canada,"[2020, 2021, 2022]",0,61,61,0,0,0,0,9,FALSE,,2020,0,1,0,0,0,0.147540984,3,FALSE
Niki Lauda,Austria,"[1971, 1972, 1973, 1974, 1975, 1976, 1977, 1978, 1979, 1982, 1983, 1984, 1985]",3,177,171,24,25,54,24,420.5,FALSE,"[1975, 1977, 1984]",1980,0.13559322,0.966101695,0.141242938,0.305084746,0.13559322,2.375706215,13,TRUE
Roger Laurent,Belgium,[1952],0,2,2,0,0,0,0,0,FALSE,,1950,0,1,0,0,0,0,1,FALSE
Giovanni Lavaggi,Italy,"[1995, 1996]",0,10,7,0,0,0,0,0,FALSE,,2000,0,0.7,0,0,0,0,2,FALSE
Chris Lawrence,United Kingdom,[1966],0,2,2,0,0,0,0,0,FALSE,,1970,0,1,0,0,0,0,1,FALSE
Carlos Sainz,Spain,"[2015, 2016, 2017, 2018, 2019, 2020, 2021, 2022]",0,164,163,3,1,15,3,794.5,TRUE,,2020,0.018292683,0.993902439,0.006097561,0.091463415,0.018292683,4.844512195,8,FALSE
Michel Leclère,France,"[1975, 1976]",0,8,7,0,0,0,0,0,FALSE,,1980,0,0.875,0,0,0,0,2,FALSE
Neville Lederle,South Africa,"[1962, 1965]",0,2,1,0,0,0,0,1,FALSE,,1960,0,0.5,0,0,0,0.5,2,FALSE
Geoff Lees,United Kingdom,"[1978, 1979, 1980, 1982]",0,12,5,0,0,0,0,0,FALSE,,1980,0,0.416666667,0,0,0,0,4,FALSE
Gijs van Lennep,Netherlands,"[1971, 1973, 1974, 1975]",0,10,8,0,0,0,0,2,FALSE,,1970,0,0.8,0,0,0,0.2,4,FALSE
Arthur Legat,Belgium,"[1952, 1953]",0,2,2,0,0,0,0,0,FALSE,,1950,0,1,0,0,0,0,2,FALSE
Jyrki Järvilehto,Finland,"[1989, 1990, 1991, 1992, 1993, 1994]",0,70,62,0,0,1,0,10,FALSE,,1990,0,0.885714286,0,0.014285714,0,0.142857143,6,FALSE
Lamberto Leoni,Italy,"[1977, 1978]",0,5,1,0,0,0,0,0,FALSE,,1980,0,0.2,0,0,0,0,2,FALSE
Les Leston,United Kingdom,"[1956, 1957]",0,3,2,0,0,0,0,0,FALSE,,1960,0,0.666666667,0,0,0,0,2,FALSE
Pierre Levegh,France,"[1950, 1951]",0,6,6,0,0,0,0,0,FALSE,,1950,0,1,0,0,0,0,2,FALSE
Bayliss Levrett,United States,[1950],0,3,1,0,0,0,0,0,FALSE,,1950,0,0.333333333,0,0,0,0,1,FALSE
Jackie Lewis,United Kingdom,"[1961, 1962]",0,10,9,0,0,0,0,3,FALSE,,1960,0,0.9,0,0,0,0.3,2,FALSE
Stuart Lewis-Evans,United Kingdom,"[1957, 1958]",0,14,14,2,0,2,0,16,FALSE,,1960,0.142857143,1,0,0.142857143,0,1.142857143,2,FALSE
Guy Ligier,France,"[1966, 1967]",0,13,12,0,0,0,0,1,FALSE,,1970,0,0.923076923,0,0,0,0.076923077,2,FALSE
Andy Linden,United States,"[1951, 1952, 1953, 1954, 1955, 1956, 1957]",0,8,7,0,0,0,0,5,FALSE,,1950,0,0.875,0,0,0,0.625,7,FALSE
Roberto Lippi,Italy,"[1961, 1962, 1963]",0,3,1,0,0,0,0,0,FALSE,,1960,0,0.333333333,0,0,0,0,3,FALSE
Vitantonio Liuzzi,Italy,"[2005, 2006, 2007, 2009, 2010, 2011]",0,81,80,0,0,0,0,26,FALSE,,2010,0,0.987654321,0,0,0,0.320987654,6,FALSE
Dries van der Lof,Netherlands,[1952],0,1,1,0,0,0,0,0,FALSE,,1950,0,1,0,0,0,0,1,FALSE
Lella Lombardi,Italy,"[1974, 1975, 1976]",0,17,12,0,0,0,0,0.5,FALSE,,1980,0,0.705882353,0,0,0,0.029411765,3,FALSE
Ricardo Londoño,Colombia,[1981],0,1,0,0,0,0,0,0,FALSE,,1980,0,0,0,0,0,0,1,FALSE
Ernst Loof,West Germany,[1953],0,1,1,0,0,0,0,0,FALSE,,1950,0,1,0,0,0,0,1,FALSE
André Lotterer,Germany,[2014],0,1,1,0,0,0,0,0,FALSE,,2010,0,1,0,0,0,0,1,FALSE
Henri Louveau,France,"[1950, 1951]",0,2,2,0,0,0,0,0,FALSE,,1950,0,1,0,0,0,0,2,FALSE
John Love,Rhodesia,"[1962, 1963, 1964, 1965, 1967, 1968, 1969, 1970, 1971, 1972]",0,10,9,0,0,1,0,6,FALSE,,1970,0,0.9,0,0.1,0,0.6,10,FALSE
Pete Lovely,United States,"[1959, 1960, 1969, 1970, 1971]",0,11,7,0,0,0,0,0,FALSE,,1970,0,0.636363636,0,0,0,0,5,FALSE
Roger Loyer,France,[1954],0,1,1,0,0,0,0,0,FALSE,,1950,0,1,0,0,0,0,1,FALSE
Jean Lucas,France,[1955],0,1,1,0,0,0,0,0,FALSE,,1960,0,1,0,0,0,0,1,FALSE
Jean Lucienbonnet,France,[1959],0,1,0,0,0,0,0,0,FALSE,,1960,0,0,0,0,0,0,1,FALSE
Erik Lundgren,Sweden,[1951],0,1,0,0,0,0,0,0,FALSE,,1950,0,0,0,0,0,0,1,FALSE
Brett Lunger,United States,"[1975, 1976, 1977, 1978]",0,43,34,0,0,0,0,0,FALSE,,1980,0,0.790697674,0,0,0,0,4,FALSE
Mike MacDowel,United Kingdom,[1957],0,1,1,0,0,0,0,0,FALSE,,1960,0,1,0,0,0,0,1,FALSE
Herbert MacKay-Fraser,United States,[1957],0,1,1,0,0,0,0,0,FALSE,,1960,0,1,0,0,0,0,1,FALSE
Bill Mackey,United States,[1951],0,1,1,0,0,0,0,0,FALSE,,1950,0,1,0,0,0,0,1,FALSE
Lance Macklin,United Kingdom,"[1952, 1953, 1954, 1955]",0,15,13,0,0,0,0,0,FALSE,,1950,0,0.866666667,0,0,0,0,4,FALSE
Damien Magee,United Kingdom,"[1975, 1976]",0,2,1,0,0,0,0,0,FALSE,,1980,0,0.5,0,0,0,0,2,FALSE
Tony Maggs,South Africa,"[1961, 1962, 1963, 1964, 1965]",0,27,25,0,0,3,0,26,FALSE,,1960,0,0.925925926,0,0.111111111,0,0.962962963,5,FALSE
Mike Magill,United States,"[1957, 1958, 1959]",0,4,3,0,0,0,0,0,FALSE,,1960,0,0.75,0,0,0,0,3,FALSE
Umberto Maglioli,Italy,"[1953, 1954, 1955, 1956, 1957]",0,10,10,0,0,2,0,3.33,FALSE,,1960,0,1,0,0.2,0,0.333,5,FALSE
Jan Magnussen,Denmark,"[1995, 1997, 1998]",0,25,24,0,0,0,0,1,FALSE,,2000,0,0.96,0,0,0,0.04,3,FALSE
Max Verstappen,Netherlands,"[2015, 2016, 2017, 2018, 2019, 2020, 2021, 2022]",2,164,164,21,36,78,21,2036.5,TRUE,"[2021, 2022]",2020,0.12804878,1,0.219512195,0.475609756,0.12804878,12.41768293,8,TRUE
Guy Mairesse,France,"[1950, 1951]",0,3,3,0,0,0,0,0,FALSE,,1950,0,1,0,0,0,0,2,FALSE
Willy Mairesse,Belgium,"[1960, 1961, 1962, 1963, 1965]",0,13,12,0,0,1,0,7,FALSE,,1960,0,0.923076923,0,0.076923077,0,0.538461538,5,FALSE
Pastor Maldonado,Venezuela,"[2011, 2012, 2013, 2014, 2015]",0,96,95,1,1,1,0,76,FALSE,,2010,0.010416667,0.989583333,0.010416667,0.010416667,0,0.791666667,5,FALSE
Nigel Mansell,United Kingdom,"[1980, 1981, 1982, 1983, 1984, 1985, 1986, 1987, 1988, 1989, 1990, 1991, 1992, 1994, 1995]",1,191,187,32,31,59,30,480,FALSE,[1992],1990,0.167539267,0.979057592,0.162303665,0.308900524,0.157068063,2.513089005,15,TRUE
Sergio Mantovani,Italy,"[1953, 1954, 1955]",0,8,7,0,0,0,0,4,FALSE,,1950,0,0.875,0,0,0,0.5,3,FALSE
Johnny Mantz,United States,[1953],0,1,0,0,0,0,0,0,FALSE,,1950,0,0,0,0,0,0,1,FALSE
Robert Manzon,France,"[1950, 1951, 1952, 1953, 1954, 1955, 1956]",0,29,28,0,0,2,0,16,FALSE,,1950,0,0.965517241,0,0.068965517,0,0.551724138,7,FALSE
Onofre Marimón,Argentina,"[1951, 1953, 1954]",0,12,11,0,0,2,1,8.14,FALSE,,1950,0,0.916666667,0,0.166666667,0.083333333,0.678333333,3,FALSE
Helmut Marko,Austria,"[1971, 1972]",0,10,10,0,0,0,0,0,FALSE,,1970,0,1,0,0,0,0,2,FALSE
Tarso Marques,Brazil,"[1996, 1997, 2001]",0,26,24,0,0,0,0,0,FALSE,,2000,0,0.923076923,0,0,0,0,3,FALSE
Leslie Marr,United Kingdom,"[1954, 1955]",0,2,2,0,0,0,0,0,FALSE,,1950,0,1,0,0,0,0,2,FALSE
Tony Marsh,United Kingdom,"[1957, 1958, 1961]",0,5,4,0,0,0,0,0,FALSE,,1960,0,0.8,0,0,0,0,3,FALSE
Eugène Martin,France,[1950],0,2,2,0,0,0,0,0,FALSE,,1950,0,1,0,0,0,0,1,FALSE
Pierluigi Martini,Italy,"[1984, 1985, 1988, 1989, 1990, 1991, 1992, 1993, 1994, 1995]",0,124,118,0,0,0,0,18,FALSE,,1990,0,0.951612903,0,0,0,0.14516129,10,FALSE
Jochen Mass,West Germany,"[1973, 1974, 1975, 1976, 1977, 1978, 1979, 1980, 1982]",0,114,105,0,1,8,2,71,FALSE,,1980,0,0.921052632,0.00877193,0.070175439,0.01754386,0.622807018,9,FALSE
Felipe Massa,Brazil,"[2002, 2004, 2005, 2006, 2007, 2008, 2009, 2010, 2011, 2012, 2013, 2014, 2015, 2016, 2017]",0,272,269,16,11,41,15,1167,FALSE,,2010,0.058823529,0.988970588,0.040441176,0.150735294,0.055147059,4.290441176,15,FALSE
Cristiano da Matta,Brazil,"[2003, 2004]",0,28,28,0,0,0,0,13,FALSE,,2000,0,1,0,0,0,0.464285714,2,FALSE
Michael May,Switzerland,[1961],0,3,2,0,0,0,0,0,FALSE,,1960,0,0.666666667,0,0,0,0,1,FALSE
Timmy Mayer,United States,[1962],0,1,1,0,0,0,0,0,FALSE,,1960,0,1,0,0,0,0,1,FALSE
Nikita Mazepin,RAF,[2021],0,22,21,0,0,0,0,0,FALSE,,2020,0,0.954545455,0,0,0,0,1,FALSE
François Mazet,France,[1971],0,1,1,0,0,0,0,0,FALSE,,1970,0,1,0,0,0,0,1,FALSE
Gastón Mazzacane,Argentina,"[2000, 2001]",0,21,21,0,0,0,0,0,FALSE,,2000,0,1,0,0,0,0,2,FALSE
Kenneth McAlpine,United Kingdom,"[1952, 1953, 1955]",0,7,7,0,0,0,0,0,FALSE,,1950,0,1,0,0,0,0,3,FALSE
Perry McCarthy,United Kingdom,[1992],0,11,0,0,0,0,0,0,FALSE,,1990,0,0,0,0,0,0,1,FALSE
Ernie McCoy,United States,"[1953, 1954]",0,3,1,0,0,0,0,0,FALSE,,1950,0,0.333333333,0,0,0,0,2,FALSE
Johnny McDowell,United States,"[1950, 1951, 1952]",0,3,3,0,0,0,0,0,FALSE,,1950,0,1,0,0,0,0,3,FALSE
Jack McGrath,United States,"[1950, 1951, 1952, 1953, 1954, 1955]",0,6,6,1,0,2,1,9,FALSE,,1950,0.166666667,1,0,0.333333333,0.166666667,1.5,6,FALSE
Brian McGuire,Australia,[1977],0,2,0,0,0,0,0,0,FALSE,,1980,0,0,0,0,0,0,1,FALSE
Bruce McLaren,New Zealand,"[1958, 1959, 1960, 1961, 1962, 1963, 1964, 1965, 1966, 1967, 1968, 1969, 1970]",0,104,100,0,4,27,3,188.5,FALSE,,1960,0,0.961538462,0.038461538,0.259615385,0.028846154,1.8125,13,FALSE
Allan McNish,United Kingdom,[2002],0,17,16,0,0,0,0,0,FALSE,,2000,0,0.941176471,0,0,0,0,1,FALSE
Graham McRae,New Zealand,[1973],0,1,1,0,0,0,0,0,FALSE,,1970,0,1,0,0,0,0,1,FALSE
Jim McWithey,United States,"[1959, 1960]",0,5,2,0,0,0,0,0,FALSE,,1960,0,0.4,0,0,0,0,2,FALSE
Carlos Menditeguy,Argentina,"[1953, 1954, 1955, 1956, 1957, 1958, 1960]",0,11,10,0,0,1,0,9,FALSE,,1960,0,0.909090909,0,0.090909091,0,0.818181818,7,FALSE
Roberto Merhi,Spain,[2015],0,14,13,0,0,0,0,0,FALSE,,2020,0,0.928571429,0,0,0,0,1,FALSE
Harry Merkel,West Germany,[1952],0,1,0,0,0,0,0,0,FALSE,,1950,0,0,0,0,0,0,1,FALSE
Arturo Merzario,Italy,"[1972, 1973, 1974, 1975, 1976, 1977, 1978, 1979]",0,85,57,0,0,0,0,11,FALSE,,1980,0,0.670588235,0,0,0,0.129411765,8,FALSE
Roberto Mieres,Argentina,"[1953, 1954, 1955]",0,17,17,0,0,0,1,13,FALSE,,1950,0,1,0,0,0.058823529,0.764705882,3,FALSE
François Migault,France,"[1972, 1974, 1975]",0,16,13,0,0,0,0,0,FALSE,,1970,0,0.8125,0,0,0,0,3,FALSE
John Miles,United Kingdom,"[1969, 1970]",0,15,12,0,0,0,0,2,FALSE,,1970,0,0.8,0,0,0,0.133333333,2,FALSE
Ken Miles,United Kingdom,[1961],0,1,0,0,0,0,0,0,FALSE,,1960,0,0,0,0,0,0,1,FALSE
André Milhoux,Belgium,[1956],0,1,1,0,0,0,0,0,FALSE,,1960,0,1,0,0,0,0,1,FALSE
Chet Miller,United States,"[1951, 1952]",0,4,2,0,0,0,0,0,FALSE,,1950,0,0.5,0,0,0,0,2,FALSE
Gerhard Mitter,West Germany,"[1963, 1964, 1965]",0,7,5,0,0,0,0,3,FALSE,,1960,0,0.714285714,0,0,0,0.428571429,3,FALSE
Stefano Modena,Italy,"[1987, 1988, 1989, 1990, 1991, 1992]",0,81,70,0,0,2,0,17,FALSE,,1990,0,0.864197531,0,0.024691358,0,0.209876543,6,FALSE
Thomas Monarch,United States,[1963],0,1,0,0,0,0,0,0,FALSE,,1960,0,0,0,0,0,0,1,FALSE
Franck Montagny,France,[2006],0,7,7,0,0,0,0,0,FALSE,,2010,0,1,0,0,0,0,1,FALSE
Tiago Monteiro,Portugal,"[2005, 2006]",0,37,37,0,0,1,0,7,FALSE,,2010,0,1,0,0.027027027,0,0.189189189,2,FALSE
Andrea Montermini,Italy,"[1994, 1995, 1996]",0,29,19,0,0,0,0,0,FALSE,,2000,0,0.655172414,0,0,0,0,3,FALSE
Peter Monteverdi,Switzerland,[1961],0,1,0,0,0,0,0,0,FALSE,,1960,0,0,0,0,0,0,1,FALSE
Robin Montgomerie-Charrington,United Kingdom,[1952],0,1,1,0,0,0,0,0,FALSE,,1950,0,1,0,0,0,0,1,FALSE
Juan Pablo Montoya,Colombia,"[2001, 2002, 2003, 2004, 2005, 2006]",0,95,94,13,7,30,12,307,FALSE,,2000,0.136842105,0.989473684,0.073684211,0.315789474,0.126315789,3.231578947,6,FALSE
Gianni Morbidelli,Italy,"[1990, 1991, 1992, 1994, 1995, 1997]",0,70,67,0,0,1,0,8.5,FALSE,,1990,0,0.957142857,0,0.014285714,0,0.121428571,6,FALSE
Roberto Moreno,Brazil,"[1982, 1987, 1989, 1990, 1991, 1992, 1995]",0,77,41,0,0,1,1,15,FALSE,,1990,0,0.532467532,0,0.012987013,0.012987013,0.194805195,7,FALSE
Dave Morgan,United Kingdom,[1975],0,1,1,0,0,0,0,0,FALSE,,1980,0,1,0,0,0,0,1,FALSE
Silvio Moser,Switzerland,"[1967, 1968, 1969, 1970, 1971]",0,20,12,0,0,0,0,3,FALSE,,1970,0,0.6,0,0,0,0.15,5,FALSE
Bill Moss,United Kingdom,[1959],0,1,0,0,0,0,0,0,FALSE,,1960,0,0,0,0,0,0,1,FALSE
Stirling Moss,United Kingdom,"[1951, 1952, 1953, 1954, 1955, 1956, 1957, 1958, 1959, 1960, 1961]",0,67,66,16,16,24,19,185.64,FALSE,,1960,0.23880597,0.985074627,0.23880597,0.358208955,0.28358209,2.770746269,11,FALSE
Gino Munaron,Italy,[1960],0,4,4,0,0,0,0,0,FALSE,,1960,0,1,0,0,0,0,1,FALSE
David Murray,United Kingdom,"[1950, 1951, 1952]",0,5,4,0,0,0,0,0,FALSE,,1950,0,0.8,0,0,0,0,3,FALSE
Luigi Musso,Italy,"[1953, 1954, 1955, 1956, 1957, 1958]",0,25,24,0,1,7,1,44,FALSE,,1960,0,0.96,0.04,0.28,0.04,1.76,6,FALSE
Kazuki Nakajima,Japan,"[2007, 2008, 2009]",0,36,36,0,0,0,0,9,FALSE,,2010,0,1,0,0,0,0.25,3,FALSE
Satoru Nakajima,Japan,"[1987, 1988, 1989, 1990, 1991]",0,80,74,0,0,0,1,16,FALSE,,1990,0,0.925,0,0,0.0125,0.2,5,FALSE
Shinji Nakano,Japan,"[1997, 1998]",0,33,33,0,0,0,0,2,FALSE,,2000,0,1,0,0,0,0.060606061,2,FALSE
Duke Nalon,United States,"[1951, 1952, 1953]",0,5,3,1,0,0,0,0,FALSE,,1950,0.2,0.6,0,0,0,0,3,FALSE
Alessandro Nannini,Italy,"[1986, 1987, 1988, 1989, 1990]",0,78,76,0,1,9,2,65,FALSE,,1990,0,0.974358974,0.012820513,0.115384615,0.025641026,0.833333333,5,FALSE
Emanuele Naspetti,Italy,"[1992, 1993]",0,6,6,0,0,0,0,0,FALSE,,1990,0,1,0,0,0,0,2,FALSE
Felipe Nasr,Brazil,"[2015, 2016]",0,40,39,0,0,0,0,29,FALSE,,2020,0,0.975,0,0,0,0.725,2,FALSE
Massimo Natili,Italy,[1961],0,2,1,0,0,0,0,0,FALSE,,1960,0,0.5,0,0,0,0,1,FALSE
Brian Naylor,United Kingdom,"[1957, 1958, 1959, 1960, 1961]",0,8,7,0,0,0,0,0,FALSE,,1960,0,0.875,0,0,0,0,5,FALSE
Mike Nazaruk,United States,"[1951, 1953, 1954]",0,4,3,0,0,1,0,8,FALSE,,1950,0,0.75,0,0.25,0,2,3,FALSE
Tiff Needell,United Kingdom,[1980],0,2,1,0,0,0,0,0,FALSE,,1980,0,0.5,0,0,0,0,1,FALSE
Jac Nelleman,Denmark,[1976],0,1,0,0,0,0,0,0,FALSE,,1980,0,0,0,0,0,0,1,FALSE
Patrick Nève,Belgium,"[1976, 1977, 1978]",0,14,10,0,0,0,0,0,FALSE,,1980,0,0.714285714,0,0,0,0,3,FALSE
John Nicholson,New Zealand,"[1974, 1975]",0,2,1,0,0,0,0,0,FALSE,,1970,0,0.5,0,0,0,0,2,FALSE
Cal Niday,United States,"[1953, 1954, 1955]",0,3,3,0,0,0,0,0,FALSE,,1950,0,1,0,0,0,0,3,FALSE
Helmut Niedermayr,West Germany,[1952],0,1,1,0,0,0,0,0,FALSE,,1950,0,1,0,0,0,0,1,FALSE
Brausch Niemann,South Africa,"[1963, 1965]",0,2,1,0,0,0,0,0,FALSE,,1960,0,0.5,0,0,0,0,2,FALSE
Gunnar Nilsson,Sweden,"[1976, 1977]",0,32,31,0,1,4,1,31,FALSE,,1980,0,0.96875,0.03125,0.125,0.03125,0.96875,2,FALSE
Hideki Noda,Japan,[1994],0,3,3,0,0,0,0,0,FALSE,,1990,0,1,0,0,0,0,1,FALSE
Esteban Ocon,France,"[2016, 2017, 2018, 2020, 2021, 2022]",0,112,112,0,1,2,0,364,TRUE,,2020,0,1,0.008928571,0.017857143,0,3.25,6,FALSE
Rodney Nuckey,United Kingdom,[1953],0,2,1,0,0,0,0,0,FALSE,,1950,0,0.5,0,0,0,0,1,FALSE
Robert O'Brien,United States,[1952],0,1,1,0,0,0,0,0,FALSE,,1950,0,1,0,0,0,0,1,FALSE
Pierre Gasly,France,"[2017, 2018, 2019, 2020, 2021, 2022]",0,109,109,0,1,3,3,334,TRUE,,2020,0,1,0.009174312,0.027522936,0.027522936,3.064220183,6,FALSE
Pat O'Connor,United States,"[1954, 1955, 1956, 1957, 1958]",0,6,5,1,0,0,0,0,FALSE,,1960,0.166666667,0.833333333,0,0,0,0,5,FALSE
Casimiro de Oliveira,Portugal,[1958],0,1,0,0,0,0,0,0,FALSE,,1960,0,0,0,0,0,0,1,FALSE
Jackie Oliver,United Kingdom,"[1968, 1969, 1970, 1971, 1972, 1973, 1977]",0,52,50,0,0,2,1,13,FALSE,,1970,0,0.961538462,0,0.038461538,0.019230769,0.25,7,FALSE
Danny Ongais,United States,"[1977, 1978]",0,6,4,0,0,0,0,0,FALSE,,1980,0,0.666666667,0,0,0,0,2,FALSE
Rikky von Opel,Liechtenstein,"[1973, 1974]",0,14,10,0,0,0,0,0,FALSE,,1970,0,0.714285714,0,0,0,0,2,FALSE
Karl Oppitzhauser,Austria,[1976],0,1,0,0,0,0,0,0,FALSE,,1980,0,0,0,0,0,0,1,FALSE
Fritz d'Orey,Brazil,[1959],0,3,3,0,0,0,0,0,FALSE,,1960,0,1,0,0,0,0,1,FALSE
Arthur Owen,United Kingdom,[1960],0,1,1,0,0,0,0,0,FALSE,,1960,0,1,0,0,0,0,1,FALSE
Carlos Pace,Brazil,"[1972, 1973, 1974, 1975, 1976, 1977]",0,73,72,1,1,6,5,58,FALSE,,1970,0.01369863,0.98630137,0.01369863,0.082191781,0.068493151,0.794520548,6,FALSE
Nello Pagani,Italy,[1950],0,1,1,0,0,0,0,0,FALSE,,1950,0,1,0,0,0,0,1,FALSE
Riccardo Paletti,Italy,[1982],0,8,2,0,0,0,0,0,FALSE,,1980,0,0.25,0,0,0,0,1,FALSE
Torsten Palm,Sweden,[1975],0,2,1,0,0,0,0,0,FALSE,,1980,0,0.5,0,0,0,0,1,FALSE
Jolyon Palmer,United Kingdom,"[2016, 2017]",0,37,35,0,0,0,0,9,FALSE,,2020,0,0.945945946,0,0,0,0.243243243,2,FALSE
Jonathan Palmer,United Kingdom,"[1983, 1984, 1985, 1986, 1987, 1988, 1989]",0,88,83,0,0,0,1,14,FALSE,,1990,0,0.943181818,0,0,0.011363636,0.159090909,7,FALSE
Olivier Panis,France,"[1994, 1995, 1996, 1997, 1998, 1999, 2001, 2002, 2003, 2004]",0,158,157,0,1,5,0,76,FALSE,,2000,0,0.993670886,0.006329114,0.03164557,0,0.481012658,10,FALSE
Giorgio Pantano,Italy,[2004],0,15,14,0,0,0,0,0,FALSE,,2000,0,0.933333333,0,0,0,0,1,FALSE
Massimiliano Papis,Italy,[1995],0,7,7,0,0,0,0,0,FALSE,,2000,0,1,0,0,0,0,1,FALSE
Mike Parkes,United Kingdom,"[1959, 1966, 1967]",0,7,6,1,0,2,0,14,FALSE,,1960,0.142857143,0.857142857,0,0.285714286,0,2,3,FALSE
Reg Parnell,United Kingdom,"[1950, 1951, 1952, 1954]",0,7,6,0,0,1,0,9,FALSE,,1950,0,0.857142857,0,0.142857143,0,1.285714286,4,FALSE
Tim Parnell,United Kingdom,"[1959, 1961, 1963]",0,4,2,0,0,0,0,0,FALSE,,1960,0,0.5,0,0,0,0,3,FALSE
Johnnie Parsons,United States,"[1950, 1951, 1952, 1953, 1954, 1955, 1956, 1957, 1958]",0,9,9,0,1,1,1,12,FALSE,,1950,0,1,0.111111111,0.111111111,0.111111111,1.333333333,9,FALSE
Riccardo Patrese,Italy,"[1977, 1978, 1979, 1980, 1981, 1982, 1983, 1984, 1985, 1986, 1987, 1988, 1989, 1990, 1991, 1992, 1993]",0,257,256,8,6,37,13,281,FALSE,,1980,0.031128405,0.996108949,0.023346304,0.143968872,0.050583658,1.093385214,17,FALSE
Al Pease,Canada,"[1967, 1968, 1969]",0,3,2,0,0,0,0,0,FALSE,,1970,0,0.666666667,0,0,0,0,3,FALSE
Roger Penske,United States,"[1961, 1962]",0,2,2,0,0,0,0,0,FALSE,,1960,0,1,0,0,0,0,2,FALSE
Cesare Perdisa,Italy,"[1955, 1956, 1957]",0,8,8,0,0,2,0,5,FALSE,,1960,0,1,0,0.25,0,0.625,3,FALSE
Lance Stroll,Canada,"[2017, 2018, 2019, 2020, 2021, 2022]",0,124,123,1,0,3,0,202,TRUE,,2020,0.008064516,0.991935484,0,0.024193548,0,1.629032258,6,FALSE
Luis Pérez-Sala,Spain,"[1988, 1989]",0,32,26,0,0,0,0,1,FALSE,,1990,0,0.8125,0,0,0,0.03125,2,FALSE
Larry Perkins,Australia,"[1974, 1976, 1977]",0,15,11,0,0,0,0,0,FALSE,,1980,0,0.733333333,0,0,0,0,3,FALSE
Henri Pescarolo,France,"[1968, 1970, 1971, 1972, 1973, 1974, 1976]",0,64,57,0,0,1,1,12,FALSE,,1970,0,0.890625,0,0.015625,0.015625,0.1875,7,FALSE
Alessandro Pesenti-Rossi,Italy,[1976],0,4,3,0,0,0,0,0,FALSE,,1980,0,0.75,0,0,0,0,1,FALSE
Josef Peters,West Germany,[1952],0,1,1,0,0,0,0,0,FALSE,,1950,0,1,0,0,0,0,1,FALSE
Ronnie Peterson,Sweden,"[1970, 1971, 1972, 1973, 1974, 1975, 1976, 1977, 1978]",0,123,123,14,10,26,9,206,FALSE,,1970,0.113821138,1,0.081300813,0.211382114,0.073170732,1.674796748,9,FALSE
Vitaly Petrov,Russia,"[2010, 2011, 2012]",0,58,57,0,0,1,1,64,FALSE,,2010,0,0.982758621,0,0.017241379,0.017241379,1.103448276,3,FALSE
Alfredo Pián,Argentina,[1950],0,1,0,0,0,0,0,0,FALSE,,1950,0,0,0,0,0,0,1,FALSE
Charles Leclerc,Monaco,"[2018, 2019, 2020, 2021, 2022]",0,104,103,18,5,24,7,868,TRUE,,2020,0.173076923,0.990384615,0.048076923,0.230769231,0.067307692,8.346153846,5,FALSE
Charles Pic,France,"[2012, 2013]",0,39,39,0,0,0,0,0,FALSE,,2010,0,1,0,0,0,0,2,FALSE
François Picard,France,[1958],0,1,1,0,0,0,0,0,FALSE,,1960,0,1,0,0,0,0,1,FALSE
Ernie Pieterse,South Africa,"[1962, 1963, 1965]",0,3,2,0,0,0,0,0,FALSE,,1960,0,0.666666667,0,0,0,0,3,FALSE
Paul Pietsch,West Germany,"[1950, 1951, 1952]",0,3,3,0,0,0,0,0,FALSE,,1950,0,1,0,0,0,0,3,FALSE
André Pilette,Belgium,"[1951, 1953, 1954, 1956, 1961, 1963, 1964]",0,14,9,0,0,0,0,2,FALSE,,1960,0,0.642857143,0,0,0,0.142857143,7,FALSE
Teddy Pilette,Belgium,"[1974, 1977]",0,4,1,0,0,0,0,0,FALSE,,1980,0,0.25,0,0,0,0,2,FALSE
Luigi Piotti,Italy,"[1955, 1956, 1957, 1958]",0,8,5,0,0,0,0,0,FALSE,,1960,0,0.625,0,0,0,0,4,FALSE
David Piper,United Kingdom,"[1959, 1960]",0,3,2,0,0,0,0,0,FALSE,,1960,0,0.666666667,0,0,0,0,2,FALSE
Nelson Piquet,Brazil,"[1978, 1979, 1980, 1981, 1982, 1983, 1984, 1985, 1986, 1987, 1988, 1989, 1990, 1991]",3,207,204,24,23,60,23,481.5,FALSE,"[1981, 1983, 1987]",1980,0.115942029,0.985507246,0.111111111,0.289855072,0.111111111,2.326086957,14,TRUE
Nelson Piquet Jr.,Brazil,"[2008, 2009]",0,28,28,0,0,1,0,19,FALSE,,2010,0,1,0,0.035714286,0,0.678571429,2,FALSE
Renato Pirocchi,Italy,[1961],0,1,1,0,0,0,0,0,FALSE,,1960,0,1,0,0,0,0,1,FALSE
Didier Pironi,France,"[1978, 1979, 1980, 1981, 1982]",0,72,70,4,3,13,5,101,FALSE,,1980,0.055555556,0.972222222,0.041666667,0.180555556,0.069444444,1.402777778,5,FALSE
Emanuele Pirro,Italy,"[1989, 1990, 1991]",0,40,37,0,0,0,0,3,FALSE,,1990,0,0.925,0,0,0,0.075,3,FALSE
Antônio Pizzonia,Brazil,"[2003, 2004, 2005]",0,20,20,0,0,0,0,8,FALSE,,2000,0,1,0,0,0,0.4,3,FALSE
Eric van de Poele,Belgium,"[1991, 1992]",0,29,5,0,0,0,0,0,FALSE,,1990,0,0.172413793,0,0,0,0,2,FALSE
Jacques Pollet,France,"[1954, 1955]",0,5,5,0,0,0,0,0,FALSE,,1950,0,1,0,0,0,0,2,FALSE
Ben Pon,Netherlands,[1962],0,1,1,0,0,0,0,0,FALSE,,1960,0,1,0,0,0,0,1,FALSE
Dennis Poore,United Kingdom,[1952],0,2,2,0,0,0,0,3,FALSE,,1950,0,1,0,0,0,1.5,1,FALSE
Alfonso de Portago,Spain,"[1956, 1957]",0,5,5,0,0,1,0,4,FALSE,,1960,0,1,0,0.2,0,0.8,2,FALSE
Sam Posey,United States,"[1971, 1972]",0,2,2,0,0,0,0,0,FALSE,,1970,0,1,0,0,0,0,2,FALSE
Charles Pozzi,France,[1950],0,1,1,0,0,0,0,0,FALSE,,1950,0,1,0,0,0,0,1,FALSE
Jackie Pretorius,South Africa,"[1965, 1968, 1971, 1973]",0,4,3,0,0,0,0,0,FALSE,,1970,0,0.75,0,0,0,0,4,FALSE
Ernesto Prinoth,Italy,[1962],0,1,0,0,0,0,0,0,FALSE,,1960,0,0,0,0,0,0,1,FALSE
David Prophet,United Kingdom,"[1963, 1965]",0,2,2,0,0,0,0,0,FALSE,,1960,0,1,0,0,0,0,2,FALSE
Alain Prost,France,"[1980, 1981, 1982, 1983, 1984, 1985, 1986, 1987, 1988, 1989, 1990, 1991, 1993]",4,202,199,33,51,106,41,768.5,FALSE,"[1985, 1986, 1989, 1993]",1990,0.163366337,0.985148515,0.252475248,0.524752475,0.202970297,3.804455446,13,TRUE
Tom Pryce,United Kingdom,"[1974, 1975, 1976, 1977]",0,42,42,1,0,2,0,19,FALSE,,1980,0.023809524,1,0,0.047619048,0,0.452380952,4,FALSE
David Purley,United Kingdom,"[1973, 1974, 1977]",0,11,7,0,0,0,0,0,FALSE,,1970,0,0.636363636,0,0,0,0,3,FALSE
Clive Puzey,Rhodesia,[1965],0,1,0,0,0,0,0,0,FALSE,,1960,0,0,0,0,0,0,1,FALSE
Dieter Quester,Austria,"[1969, 1974]",0,2,1,0,0,0,0,0,FALSE,,1970,0,0.5,0,0,0,0,2,FALSE
Ian Raby,United Kingdom,"[1963, 1964, 1965]",0,7,3,0,0,0,0,0,FALSE,,1960,0,0.428571429,0,0,0,0,3,FALSE
Bobby Rahal,United States,[1978],0,2,2,0,0,0,0,0,FALSE,,1980,0,1,0,0,0,0,1,FALSE
Kimi Räikkönen,Finland,"[2001, 2002, 2003, 2004, 2005, 2006, 2007, 2008, 2009, 2012, 2013, 2014, 2015, 2016, 2017, 2018, 2019, 2020, 2021]",1,353,349,18,21,103,46,1873,FALSE,[2007],2010,0.050991501,0.988668555,0.059490085,0.291784703,0.130311615,5.305949008,19,TRUE
Hernando da Silva Ramos,Brazil,"[1955, 1956]",0,7,7,0,0,0,0,2,FALSE,,1960,0,1,0,0,0,0.285714286,2,FALSE
Pierre-Henri Raphanel,France,"[1988, 1989]",0,17,1,0,0,0,0,0,FALSE,,1990,0,0.058823529,0,0,0,0,2,FALSE
Dick Rathmann,United States,"[1950, 1956, 1958, 1959, 1960]",0,6,5,1,0,0,0,2,FALSE,,1960,0.166666667,0.833333333,0,0,0,0.333333333,5,FALSE
Jim Rathmann,United States,"[1950, 1952, 1953, 1954, 1955, 1956, 1957, 1958, 1959, 1960]",0,10,10,0,1,4,2,29,FALSE,,1960,0,1,0.1,0.4,0.2,2.9,10,FALSE
Roland Ratzenberger,Austria,[1994],0,3,1,0,0,0,0,0,FALSE,,1990,0,0.333333333,0,0,0,0,1,FALSE
Hector Rebaque,Mexico,"[1977, 1978, 1979, 1980, 1981]",0,58,41,0,0,0,0,13,FALSE,,1980,0,0.706896552,0,0,0,0.224137931,5,FALSE
Brian Redman,United Kingdom,"[1968, 1970, 1971, 1972, 1973, 1974]",0,15,12,0,0,1,0,8,FALSE,,1970,0,0.8,0,0.066666667,0,0.533333333,6,FALSE
Jimmy Reece,United States,"[1952, 1954, 1955, 1956, 1957, 1958]",0,6,6,0,0,0,0,0,FALSE,,1960,0,1,0,0,0,0,6,FALSE
Ray Reed,Rhodesia,[1965],0,1,0,0,0,0,0,0,FALSE,,1960,0,0,0,0,0,0,1,FALSE
Alan Rees,United Kingdom,[1967],0,1,1,0,0,0,0,0,FALSE,,1970,0,1,0,0,0,0,1,FALSE
Clay Regazzoni,Switzerland,"[1970, 1971, 1972, 1973, 1974, 1975, 1976, 1977, 1978, 1979, 1980]",0,139,132,5,5,28,15,209,FALSE,,1980,0.035971223,0.949640288,0.035971223,0.201438849,0.107913669,1.503597122,11,FALSE
Paul di Resta,United Kingdom,"[2011, 2012, 2013, 2017]",0,59,59,0,0,0,0,121,FALSE,,2010,0,1,0,0,0,2.050847458,4,FALSE
Carlos Reutemann,Argentina,"[1972, 1973, 1974, 1975, 1976, 1977, 1978, 1979, 1980, 1981, 1982]",0,146,146,6,12,45,6,298,FALSE,,1980,0.04109589,1,0.082191781,0.308219178,0.04109589,2.04109589,11,FALSE
Lance Reventlow,United States,[1960],0,4,1,0,0,0,0,0,FALSE,,1960,0,0.25,0,0,0,0,1,FALSE
Peter Revson,United States,"[1964, 1971, 1972, 1973, 1974]",0,32,30,1,2,8,0,61,FALSE,,1970,0.03125,0.9375,0.0625,0.25,0,1.90625,5,FALSE
John Rhodes,United Kingdom,[1965],0,1,1,0,0,0,0,0,FALSE,,1960,0,1,0,0,0,0,1,FALSE
Alex Ribeiro,Brazil,"[1976, 1977, 1979]",0,20,10,0,0,0,0,0,FALSE,,1980,0,0.5,0,0,0,0,3,FALSE
Daniel Ricciardo,Australia,"[2011, 2012, 2013, 2014, 2015, 2016, 2017, 2018, 2019, 2020, 2021, 2022]",0,232,232,3,8,32,16,1311,FALSE,,2020,0.012931034,1,0.034482759,0.137931034,0.068965517,5.650862069,12,FALSE
Ken Richardson,United Kingdom,[1951],0,1,0,0,0,0,0,0,FALSE,,1950,0,0,0,0,0,0,1,FALSE
Fritz Riess,West Germany,[1952],0,1,1,0,0,0,0,0,FALSE,,1950,0,1,0,0,0,0,1,FALSE
Jim Rigsby,United States,[1952],0,2,1,0,0,0,0,0,FALSE,,1950,0,0.5,0,0,0,0,1,FALSE
Jochen Rindt,Austria,"[1964, 1965, 1966, 1967, 1968, 1969, 1970]",1,62,60,10,6,13,3,107,FALSE,[1970],1970,0.161290323,0.967741935,0.096774194,0.209677419,0.048387097,1.725806452,7,TRUE
John Riseley-Prichard,United Kingdom,[1954],0,1,1,0,0,0,0,0,FALSE,,1950,0,1,0,0,0,0,1,FALSE
Giovanni de Riu,Italy,[1954],0,1,0,0,0,0,0,0,FALSE,,1950,0,0,0,0,0,0,1,FALSE
Richard Robarts,United Kingdom,[1974],0,4,3,0,0,0,0,0,FALSE,,1970,0,0.75,0,0,0,0,1,FALSE
Pedro Rodríguez,Mexico,"[1963, 1964, 1965, 1966, 1967, 1968, 1969, 1970, 1971]",0,54,54,0,2,7,1,71,FALSE,,1970,0,1,0.037037037,0.12962963,0.018518519,1.314814815,9,FALSE
Ricardo Rodríguez,Mexico,"[1961, 1962]",0,6,5,0,0,0,0,4,FALSE,,1960,0,0.833333333,0,0,0,0.666666667,2,FALSE
Alberto Rodriguez Larreta,Argentina,[1960],0,1,1,0,0,0,0,0,FALSE,,1960,0,1,0,0,0,0,1,FALSE
Franco Rol,Italy,"[1950, 1951, 1952]",0,5,5,0,0,0,0,0,FALSE,,1950,0,1,0,0,0,0,3,FALSE
Alan Rollinson,United Kingdom,[1965],0,1,0,0,0,0,0,0,FALSE,,1960,0,0,0,0,0,0,1,FALSE
Tony Rolt,United Kingdom,"[1950, 1953, 1955]",0,3,3,0,0,0,0,0,FALSE,,1950,0,1,0,0,0,0,3,FALSE
Bertil Roos,Sweden,[1974],0,1,1,0,0,0,0,0,FALSE,,1970,0,1,0,0,0,0,1,FALSE
Pedro de la Rosa,Spain,"[1999, 2000, 2001, 2002, 2005, 2006, 2010, 2011, 2012]",0,107,104,0,0,1,1,35,FALSE,,2010,0,0.971962617,0,0.009345794,0.009345794,0.327102804,9,FALSE
Keke Rosberg,Finland,"[1978, 1979, 1980, 1981, 1982, 1983, 1984, 1985, 1986]",1,128,114,5,5,17,3,159.5,FALSE,[1982],1980,0.0390625,0.890625,0.0390625,0.1328125,0.0234375,1.24609375,9,TRUE
Nico Rosberg,Germany,"[2006, 2007, 2008, 2009, 2010, 2011, 2012, 2013, 2014, 2015, 2016]",1,206,206,30,23,57,20,1594.5,FALSE,[2016],2010,0.145631068,1,0.111650485,0.276699029,0.097087379,7.740291262,11,TRUE
Mauri Rose,United States,"[1950, 1951]",0,2,2,0,0,1,0,4,FALSE,,1950,0,1,0,0.5,0,2,2,FALSE
Louis Rosier,France,"[1950, 1951, 1952, 1953, 1954, 1955, 1956]",0,38,38,0,0,2,0,18,FALSE,,1950,0,1,0,0.052631579,0,0.473684211,7,FALSE
Ricardo Rosset,Brazil,"[1996, 1997, 1998]",0,33,26,0,0,0,0,0,FALSE,,2000,0,0.787878788,0,0,0,0,3,FALSE
Alexander Rossi,United States,[2015],0,7,5,0,0,0,0,0,FALSE,,2020,0,0.714285714,0,0,0,0,1,FALSE
Huub Rothengatter,Netherlands,"[1984, 1985, 1986]",0,30,25,0,0,0,0,0,FALSE,,1980,0,0.833333333,0,0,0,0,3,FALSE
Basil van Rooyen,South Africa,"[1968, 1969]",0,2,2,0,0,0,0,0,FALSE,,1970,0,1,0,0,0,0,2,FALSE
Lloyd Ruby,United States,"[1960, 1961]",0,2,2,0,0,0,0,0,FALSE,,1960,0,1,0,0,0,0,2,FALSE
Jean-Claude Rudaz,Switzerland,[1964],0,1,0,0,0,0,0,0,FALSE,,1960,0,0,0,0,0,0,1,FALSE
Lando Norris,United Kingdom,"[2019, 2020, 2021, 2022]",0,83,83,1,0,6,5,428,TRUE,,2020,0.012048193,1,0,0.072289157,0.060240964,5.156626506,4,FALSE
Eddie Russo,United States,"[1955, 1956, 1957, 1960]",0,7,4,0,0,0,0,0,FALSE,,1960,0,0.571428571,0,0,0,0,4,FALSE
Paul Russo,United States,"[1950, 1951, 1952, 1953, 1954, 1955, 1956, 1957, 1958, 1959, 1960]",0,11,8,0,0,1,1,8.5,FALSE,,1960,0,0.727272727,0,0.090909091,0.090909091,0.772727273,11,FALSE
Troy Ruttman,United States,"[1950, 1951, 1952, 1953, 1954, 1955, 1956, 1957, 1958, 1960]",0,12,8,0,1,1,0,9.5,FALSE,,1950,0,0.666666667,0.083333333,0.083333333,0,0.791666667,10,FALSE
Peter Ryan,Canada,[1961],0,1,1,0,0,0,0,0,FALSE,,1960,0,1,0,0,0,0,1,FALSE
Eddie Sachs,United States,"[1957, 1958, 1959, 1960]",0,7,4,1,0,0,0,0,FALSE,,1960,0.142857143,0.571428571,0,0,0,0,4,FALSE
Bob Said,United States,[1959],0,1,1,0,0,0,0,0,FALSE,,1960,0,1,0,0,0,0,1,FALSE
George Russell,United Kingdom,"[2019, 2020, 2021, 2022]",0,83,83,1,1,9,5,300,TRUE,,2020,0.012048193,1,0.012048193,0.108433735,0.060240964,3.614457831,4,FALSE
Eliseo Salazar,Chile,"[1981, 1982, 1983]",0,37,24,0,0,0,0,3,FALSE,,1980,0,0.648648649,0,0,0,0.081081081,3,FALSE
Mika Salo,Finland,"[1994, 1995, 1996, 1997, 1998, 1999, 2000, 2002]",0,111,109,0,0,2,0,33,FALSE,,2000,0,0.981981982,0,0.018018018,0,0.297297297,8,FALSE
Roy Salvadori,United Kingdom,"[1952, 1953, 1954, 1955, 1956, 1957, 1958, 1959, 1960, 1961, 1962]",0,50,47,0,0,2,0,19,FALSE,,1960,0,0.94,0,0.04,0,0.38,11,FALSE
Consalvo Sanesi,Italy,"[1950, 1951]",0,5,5,0,0,0,0,3,FALSE,,1950,0,1,0,0,0,0.6,2,FALSE
Stéphane Sarrazin,France,[1999],0,1,1,0,0,0,0,0,FALSE,,2000,0,1,0,0,0,0,1,FALSE
Alexander Albon,Thailand,"[2019, 2020, 2022]",0,61,60,0,0,2,0,202,TRUE,,2020,0,0.983606557,0,0.032786885,0,3.31147541,3,FALSE
Takuma Sato,Japan,"[2002, 2003, 2004, 2005, 2006, 2007, 2008]",0,92,90,0,0,1,0,44,FALSE,,2000,0,0.97826087,0,0.010869565,0,0.47826087,7,FALSE
Carl Scarborough,United States,"[1951, 1953]",0,2,2,0,0,0,0,0,FALSE,,1950,0,1,0,0,0,0,2,FALSE
Ludovico Scarfiotti,Italy,"[1963, 1964, 1965, 1966, 1967, 1968]",0,12,10,0,1,1,1,17,FALSE,,1970,0,0.833333333,0.083333333,0.083333333,0.083333333,1.416666667,6,FALSE
Giorgio Scarlatti,Italy,"[1956, 1957, 1958, 1959, 1960, 1961]",0,15,12,0,0,0,0,1,FALSE,,1960,0,0.8,0,0,0,0.066666667,6,FALSE
Ian Scheckter,South Africa,"[1974, 1975, 1976, 1977]",0,20,18,0,0,0,0,0,FALSE,,1980,0,0.9,0,0,0,0,4,FALSE
Jody Scheckter,South Africa,"[1972, 1973, 1974, 1975, 1976, 1977, 1978, 1979, 1980]",1,113,112,3,10,33,5,246,FALSE,[1979],1980,0.026548673,0.991150442,0.088495575,0.292035398,0.044247788,2.17699115,9,TRUE
Harry Schell,United States,"[1950, 1951, 1952, 1953, 1954, 1955, 1956, 1957, 1958, 1959, 1960]",0,57,56,0,0,2,0,32,FALSE,,1960,0,0.98245614,0,0.035087719,0,0.561403509,11,FALSE
Tim Schenken,Australia,"[1970, 1971, 1972, 1973, 1974]",0,36,34,0,0,1,0,7,FALSE,,1970,0,0.944444444,0,0.027777778,0,0.194444444,5,FALSE
Albert Scherrer,Switzerland,[1953],0,1,1,0,0,0,0,0,FALSE,,1950,0,1,0,0,0,0,1,FALSE
Domenico Schiattarella,Italy,"[1994, 1995]",0,7,6,0,0,0,0,0,FALSE,,1990,0,0.857142857,0,0,0,0,2,FALSE
Heinz Schiller,Switzerland,[1962],0,1,1,0,0,0,0,0,FALSE,,1960,0,1,0,0,0,0,1,FALSE
Bill Schindler,United States,"[1950, 1951, 1952]",0,3,3,0,0,0,0,0,FALSE,,1950,0,1,0,0,0,0,3,FALSE
Jean-Louis Schlesser,France,"[1983, 1988]",0,2,1,0,0,0,0,0,FALSE,,1990,0,0.5,0,0,0,0,2,FALSE
Jo Schlesser,France,[1968],0,3,3,0,0,0,0,0,FALSE,,1970,0,1,0,0,0,0,1,FALSE
Bernd Schneider,West Germany,"[1988, 1989, 1990]",0,34,9,0,0,0,0,0,FALSE,,1990,0,0.264705882,0,0,0,0,3,FALSE
Rudolf Schoeller,Switzerland,[1952],0,1,1,0,0,0,0,0,FALSE,,1950,0,1,0,0,0,0,1,FALSE
Rob Schroeder,United States,[1962],0,1,1,0,0,0,0,0,FALSE,,1960,0,1,0,0,0,0,1,FALSE
Michael Schumacher,Germany,"[1991, 1992, 1993, 1994, 1995, 1996, 1997, 1998, 1999, 2000, 2001, 2002, 2003, 2004, 2005, 2006, 2010, 2011, 2012]",7,308,306,68,91,155,77,1566,FALSE,"[1994, 1995, 2000, 2001, 2002, 2003, 2004]",2000,0.220779221,0.993506494,0.295454545,0.503246753,0.25,5.084415584,19,TRUE
Mick Schumacher,Germany,"[2021, 2022]",0,44,43,0,0,0,0,12,FALSE,,2020,0,0.977272727,0,0,0,0.272727273,2,FALSE
Ralf Schumacher,Germany,"[1997, 1998, 1999, 2000, 2001, 2002, 2003, 2004, 2005, 2006, 2007]",0,181,180,6,6,27,8,329,FALSE,,2000,0.033149171,0.994475138,0.033149171,0.149171271,0.044198895,1.817679558,11,FALSE
Vern Schuppan,Australia,"[1972, 1974, 1975, 1977]",0,13,9,0,0,0,0,0,FALSE,,1970,0,0.692307692,0,0,0,0,4,FALSE
Adolfo Cruz,Argentina,[1953],0,1,1,0,0,0,0,0,FALSE,,1950,0,1,0,0,0,0,1,FALSE
Bob Scott,United States,"[1952, 1953, 1954]",0,3,3,0,0,0,0,0,FALSE,,1950,0,1,0,0,0,0,3,FALSE
Archie Scott Brown,United Kingdom,[1956],0,1,1,0,0,0,0,0,FALSE,,1960,0,1,0,0,0,0,1,FALSE
Piero Scotti,Italy,[1956],0,1,1,0,0,0,0,0,FALSE,,1960,0,1,0,0,0,0,1,FALSE
Wolfgang Seidel,West Germany,"[1953, 1958, 1960, 1961, 1962]",0,12,10,0,0,0,0,0,FALSE,,1960,0,0.833333333,0,0,0,0,5,FALSE
Günther Seiffert,West Germany,[1962],0,1,0,0,0,0,0,0,FALSE,,1960,0,0,0,0,0,0,1,FALSE
Ayrton Senna,Brazil,"[1984, 1985, 1986, 1987, 1988, 1989, 1990, 1991, 1992, 1993, 1994]",3,162,161,65,41,80,19,610,FALSE,"[1988, 1990, 1991]",1990,0.401234568,0.99382716,0.25308642,0.49382716,0.117283951,3.765432099,11,TRUE
Bruno Senna,Brazil,"[2010, 2011, 2012]",0,46,46,0,0,0,1,33,FALSE,,2010,0,1,0,0,0.02173913,0.717391304,3,FALSE
Dorino Serafini,Italy,[1950],0,1,1,0,0,1,0,3,FALSE,,1950,0,1,0,1,0,3,1,FALSE
Chico Serra,Brazil,"[1981, 1982, 1983]",0,33,18,0,0,0,0,1,FALSE,,1980,0,0.545454545,0,0,0,0.03030303,3,FALSE
Doug Serrurier,South Africa,"[1962, 1963, 1965]",0,3,2,0,0,0,0,0,FALSE,,1960,0,0.666666667,0,0,0,0,3,FALSE
Johnny Servoz-Gavin,France,"[1967, 1968, 1969, 1970]",0,13,12,0,0,1,0,9,FALSE,,1970,0,0.923076923,0,0.076923077,0,0.692307692,4,FALSE
Tony Settember,United States,"[1962, 1963]",0,7,6,0,0,0,0,0,FALSE,,1960,0,0.857142857,0,0,0,0,2,FALSE
Hap Sharp,United States,"[1961, 1962, 1963, 1964]",0,6,6,0,0,0,0,0,FALSE,,1960,0,1,0,0,0,0,4,FALSE
Brian Shawe-Taylor,United Kingdom,"[1950, 1951]",0,3,2,0,0,0,0,0,FALSE,,1950,0,0.666666667,0,0,0,0,2,FALSE
Carroll Shelby,United States,"[1958, 1959]",0,8,8,0,0,0,0,0,FALSE,,1960,0,1,0,0,0,0,2,FALSE
Tony Shelly,New Zealand,[1962],0,3,1,0,0,0,0,0,FALSE,,1960,0,0.333333333,0,0,0,0,1,FALSE
Jo Siffert,Switzerland,"[1962, 1963, 1964, 1965, 1966, 1967, 1968, 1969, 1970, 1971]",0,100,96,2,2,6,4,68,FALSE,,1970,0.02,0.96,0.02,0.06,0.04,0.68,10,FALSE
André Simon,France,"[1951, 1952, 1955, 1956, 1957]",0,12,11,0,0,0,0,0,FALSE,,1950,0,0.916666667,0,0,0,0,5,FALSE
Sergey Sirotkin,Russia,[2018],0,21,21,0,0,0,0,1,FALSE,,2020,0,1,0,0,0,0.047619048,1,FALSE
Rob Slotemaker,Netherlands,[1962],0,1,0,0,0,0,0,0,FALSE,,1960,0,0,0,0,0,0,1,FALSE
Moisés Solana,Mexico,"[1963, 1964, 1965, 1966, 1967, 1968]",0,8,8,0,0,0,0,0,FALSE,,1970,0,1,0,0,0,0,6,FALSE
Alex Soler-Roig,Spain,"[1970, 1971, 1972]",0,10,6,0,0,0,0,0,FALSE,,1970,0,0.6,0,0,0,0,3,FALSE
Raymond Sommer,France,[1950],0,5,5,0,0,0,0,3,FALSE,,1950,0,1,0,0,0,0.6,1,FALSE
Vincenzo Sospiri,Italy,[1997],0,1,0,0,0,0,0,0,FALSE,,2000,0,0,0,0,0,0,1,FALSE
Stephen South,United Kingdom,[1980],0,1,0,0,0,0,0,0,FALSE,,1980,0,0,0,0,0,0,1,FALSE
Mike Sparken,France,[1955],0,1,1,0,0,0,0,0,FALSE,,1960,0,1,0,0,0,0,1,FALSE
Scott Speed,United States,"[2006, 2007]",0,28,28,0,0,0,0,0,FALSE,,2010,0,1,0,0,0,0,2,FALSE
Mike Spence,United Kingdom,"[1963, 1964, 1965, 1966, 1967, 1968]",0,37,36,0,0,1,0,27,FALSE,,1970,0,0.972972973,0,0.027027027,0,0.72972973,6,FALSE
Alan Stacey,United Kingdom,"[1958, 1959, 1960]",0,7,7,0,0,0,0,0,FALSE,,1960,0,1,0,0,0,0,3,FALSE
Gaetano Starrabba,Italy,[1961],0,1,1,0,0,0,0,0,FALSE,,1960,0,1,0,0,0,0,1,FALSE
Will Stevens,United Kingdom,"[2014, 2015]",0,20,18,0,0,0,0,0,FALSE,,2010,0,0.9,0,0,0,0,2,FALSE
Chuck Stevenson,United States,"[1951, 1952, 1953, 1954, 1960]",0,5,5,0,0,0,0,0,FALSE,,1950,0,1,0,0,0,0,5,FALSE
Ian Stewart,United Kingdom,[1953],0,1,1,0,0,0,0,0,FALSE,,1950,0,1,0,0,0,0,1,FALSE
Jackie Stewart,United Kingdom,"[1965, 1966, 1967, 1968, 1969, 1970, 1971, 1972, 1973]",3,100,99,17,27,43,15,359,FALSE,"[1969, 1971, 1973]",1970,0.17,0.99,0.27,0.43,0.15,3.59,9,TRUE
Jimmy Stewart,United Kingdom,[1953],0,1,1,0,0,0,0,0,FALSE,,1950,0,1,0,0,0,0,1,FALSE
Siegfried Stohr,Italy,[1981],0,13,9,0,0,0,0,0,FALSE,,1980,0,0.692307692,0,0,0,0,1,FALSE
Rolf Stommelen,West Germany,"[1970, 1971, 1972, 1973, 1974, 1975, 1976, 1978]",0,63,54,0,0,1,0,14,FALSE,,1970,0,0.857142857,0,0.015873016,0,0.222222222,8,FALSE
Philippe Streiff,France,"[1984, 1985, 1986, 1987, 1988]",0,54,53,0,0,1,0,11,FALSE,,1990,0,0.981481481,0,0.018518519,0,0.203703704,5,FALSE
Yuki Tsunoda,Japan,"[2021, 2022]",0,45,43,0,0,0,0,44,TRUE,,2020,0,0.955555556,0,0,0,0.977777778,2,FALSE
Hans von Stuck,West Germany,"[1951, 1952, 1953]",0,5,3,0,0,0,0,0,FALSE,,1950,0,0.6,0,0,0,0,3,FALSE
Hans-Joachim Stuck,West Germany,"[1974, 1975, 1976, 1977, 1978, 1979]",0,81,74,0,0,2,0,29,FALSE,,1980,0,0.913580247,0,0.024691358,0,0.358024691,6,FALSE
Otto Stuppacher,Austria,[1976],0,3,0,0,0,0,0,0,FALSE,,1980,0,0,0,0,0,0,1,FALSE
Danny Sullivan,United States,[1983],0,15,15,0,0,0,0,2,FALSE,,1980,0,1,0,0,0,0.133333333,1,FALSE
Marc Surer,Switzerland,"[1979, 1980, 1981, 1982, 1983, 1984, 1985, 1986]",0,88,82,0,0,0,1,17,FALSE,,1980,0,0.931818182,0,0,0.011363636,0.193181818,8,FALSE
John Surtees,United Kingdom,"[1960, 1961, 1962, 1963, 1964, 1965, 1966, 1967, 1968, 1969, 1970, 1971, 1972]",1,113,111,8,6,24,10,180,FALSE,[1964],1970,0.07079646,0.982300885,0.053097345,0.212389381,0.088495575,1.592920354,13,TRUE
Andy Sutcliffe,United Kingdom,[1977],0,1,0,0,0,0,0,0,FALSE,,1980,0,0,0,0,0,0,1,FALSE
Adrian Sutil,Germany,"[2007, 2008, 2009, 2010, 2011, 2013, 2014]",0,128,128,0,0,0,1,124,FALSE,,2010,0,1,0,0,0.0078125,0.96875,7,FALSE
Len Sutton,United States,"[1958, 1959, 1960]",0,4,3,0,0,0,0,0,FALSE,,1960,0,0.75,0,0,0,0,3,FALSE
Aguri Suzuki,Japan,"[1988, 1989, 1990, 1991, 1992, 1993, 1994, 1995]",0,88,65,0,0,1,0,8,FALSE,,1990,0,0.738636364,0,0.011363636,0,0.090909091,8,FALSE
Toshio Suzuki,Japan,[1993],0,2,2,0,0,0,0,0,FALSE,,1990,0,1,0,0,0,0,1,FALSE
Jacques Swaters,Belgium,"[1951, 1953, 1954]",0,8,7,0,0,0,0,0,FALSE,,1950,0,0.875,0,0,0,0,3,FALSE
Bob Sweikert,United States,"[1952, 1953, 1954, 1955, 1956]",0,7,5,0,1,1,0,8,FALSE,,1950,0,0.714285714,0.142857143,0.142857143,0,1.142857143,5,FALSE
Toranosuke Takagi,Japan,"[1998, 1999]",0,32,32,0,0,0,0,0,FALSE,,2000,0,1,0,0,0,0,2,FALSE
Noritake Takahara,Japan,"[1976, 1977]",0,2,2,0,0,0,0,0,FALSE,,1980,0,1,0,0,0,0,2,FALSE
Kunimitsu Takahashi,Japan,[1977],0,1,1,0,0,0,0,0,FALSE,,1980,0,1,0,0,0,0,1,FALSE
Patrick Tambay,France,"[1977, 1978, 1979, 1981, 1982, 1983, 1984, 1985, 1986]",0,123,114,5,2,11,2,103,FALSE,,1980,0.040650407,0.926829268,0.016260163,0.089430894,0.016260163,0.837398374,9,FALSE
Luigi Taramazzo,Italy,[1958],0,1,0,0,0,0,0,0,FALSE,,1960,0,0,0,0,0,0,1,FALSE
Gabriele Tarquini,Italy,"[1987, 1988, 1989, 1990, 1991, 1992, 1995]",0,79,38,0,0,0,0,1,FALSE,,1990,0,0.481012658,0,0,0,0.012658228,7,FALSE
Piero Taruffi,Italy,"[1950, 1951, 1952, 1954, 1955, 1956]",0,19,18,0,1,5,1,41,FALSE,,1950,0,0.947368421,0.052631579,0.263157895,0.052631579,2.157894737,6,FALSE
Dennis Taylor,United Kingdom,[1959],0,1,0,0,0,0,0,0,FALSE,,1960,0,0,0,0,0,0,1,FALSE
Henry Taylor,United Kingdom,"[1959, 1960, 1961]",0,11,8,0,0,0,0,3,FALSE,,1960,0,0.727272727,0,0,0,0.272727273,3,FALSE
John Taylor,United Kingdom,"[1964, 1966]",0,5,5,0,0,0,0,1,FALSE,,1960,0,1,0,0,0,0.2,2,FALSE
Mike Taylor,United Kingdom,"[1959, 1960]",0,2,1,0,0,0,0,0,FALSE,,1960,0,0.5,0,0,0,0,2,FALSE
Trevor Taylor,United Kingdom,"[1959, 1961, 1962, 1963, 1964, 1966]",0,29,27,0,0,1,0,8,FALSE,,1960,0,0.931034483,0,0.034482759,0,0.275862069,6,FALSE
Marshall Teague,United States,"[1953, 1954, 1957]",0,5,3,0,0,0,0,0,FALSE,,1950,0,0.6,0,0,0,0,3,FALSE
Shorty Templeman,United States,"[1955, 1958, 1960]",0,5,3,0,0,0,0,0,FALSE,,1960,0,0.6,0,0,0,0,3,FALSE
Max de Terra,Switzerland,"[1952, 1953]",0,2,2,0,0,0,0,0,FALSE,,1950,0,1,0,0,0,0,2,FALSE
André Testut,Monaco,"[1958, 1959]",0,2,0,0,0,0,0,0,FALSE,,1960,0,0,0,0,0,0,2,FALSE
Mike Thackwell,New Zealand,"[1980, 1984]",0,5,2,0,0,0,0,0,FALSE,,1980,0,0.4,0,0,0,0,2,FALSE
Alfonso Thiele,United States,[1960],0,1,1,0,0,0,0,0,FALSE,,1960,0,1,0,0,0,0,1,FALSE
Eric Thompson,United Kingdom,[1952],0,1,1,0,0,0,0,2,FALSE,,1950,0,1,0,0,0,2,1,FALSE
Johnny Thomson,United States,"[1953, 1954, 1955, 1956, 1957, 1958, 1959, 1960]",0,8,8,1,0,1,1,10,FALSE,,1960,0.125,1,0,0.125,0.125,1.25,8,FALSE
Leslie Thorne,United Kingdom,[1954],0,1,1,0,0,0,0,0,FALSE,,1950,0,1,0,0,0,0,1,FALSE
Bud Tingelstad,United States,[1960],0,1,1,0,0,0,0,0,FALSE,,1960,0,1,0,0,0,0,1,FALSE
Sam Tingle,Rhodesia,"[1963, 1965, 1967, 1968, 1969]",0,5,5,0,0,0,0,0,FALSE,,1970,0,1,0,0,0,0,5,FALSE
Desmond Titterington,United Kingdom,[1956],0,1,1,0,0,0,0,0,FALSE,,1960,0,1,0,0,0,0,1,FALSE
Johnnie Tolan,United States,"[1956, 1957, 1958]",0,7,3,0,0,0,0,0,FALSE,,1960,0,0.428571429,0,0,0,0,3,FALSE
Alessandro de Tomaso,Argentina,"[1957, 1959]",0,2,2,0,0,0,0,0,FALSE,,1960,0,1,0,0,0,0,2,FALSE
Charles de Tornaco,Belgium,"[1952, 1953]",0,4,2,0,0,0,0,0,FALSE,,1950,0,0.5,0,0,0,0,2,FALSE
Tony Trimmer,United Kingdom,"[1975, 1976, 1977, 1978]",0,6,0,0,0,0,0,0,FALSE,,1980,0,0,0,0,0,0,4,FALSE
Maurice Trintignant,France,"[1950, 1951, 1952, 1953, 1954, 1955, 1956, 1957, 1958, 1959, 1960, 1961, 1962, 1963, 1964]",0,84,82,0,2,10,1,72.33,FALSE,,1960,0,0.976190476,0.023809524,0.119047619,0.011904762,0.861071429,15,FALSE
Wolfgang von Trips,West Germany,"[1956, 1957, 1958, 1959, 1960, 1961]",0,29,27,1,2,6,0,56,FALSE,,1960,0.034482759,0.931034483,0.068965517,0.206896552,0,1.931034483,6,FALSE
Jarno Trulli,Italy,"[1997, 1998, 1999, 2000, 2001, 2002, 2003, 2004, 2005, 2006, 2007, 2008, 2009, 2010, 2011]",0,256,252,4,1,11,1,246.5,FALSE,,2000,0.015625,0.984375,0.00390625,0.04296875,0.00390625,0.962890625,15,FALSE
Nyck de Vries,Netherlands,[2022],0,2,2,0,0,0,0,2,TRUE,,2020,0,1,0,0,0,1,1,FALSE
Esteban Tuero,Argentina,[1998],0,16,16,0,0,0,0,0,FALSE,,2000,0,1,0,0,0,0,1,FALSE
Guy Tunmer,South Africa,[1975],0,1,1,0,0,0,0,0,FALSE,,1980,0,1,0,0,0,0,1,FALSE
Jack Turner,United States,"[1956, 1957, 1958, 1959]",0,5,4,0,0,0,0,0,FALSE,,1960,0,0.8,0,0,0,0,4,FALSE
Toni Ulmen,West Germany,[1952],0,2,2,0,0,0,0,0,FALSE,,1950,0,1,0,0,0,0,1,FALSE
Bobby Unser,United States,[1968],0,2,1,0,0,0,0,0,FALSE,,1970,0,0.5,0,0,0,0,1,FALSE
Jerry Unser,United States,[1958],0,1,1,0,0,0,0,0,FALSE,,1960,0,1,0,0,0,0,1,FALSE
Alberto Uria,Uruguay,"[1955, 1956]",0,2,2,0,0,0,0,0,FALSE,,1960,0,1,0,0,0,0,2,FALSE
Nino Vaccarella,Italy,"[1961, 1962, 1965]",0,5,4,0,0,0,0,0,FALSE,,1960,0,0.8,0,0,0,0,3,FALSE
Stoffel Vandoorne,Belgium,"[2016, 2017, 2018]",0,42,41,0,0,0,0,26,FALSE,,2020,0,0.976190476,0,0,0,0.619047619,3,FALSE
Bob Veith,United States,"[1956, 1957, 1958, 1959, 1960]",0,5,5,0,0,0,0,0,FALSE,,1960,0,1,0,0,0,0,5,FALSE
Jean-Éric Vergne,France,"[2012, 2013, 2014]",0,58,58,0,0,0,0,51,FALSE,,2010,0,1,0,0,0,0.879310345,3,FALSE
Jos Verstappen,Netherlands,"[1994, 1995, 1996, 1997, 1998, 2000, 2001, 2003]",0,107,106,0,0,2,0,17,FALSE,,2000,0,0.990654206,0,0.018691589,0,0.158878505,8,FALSE
Guanyu Zhou,China,[2022],0,23,23,0,0,0,2,6,TRUE,,2020,0,1,0,0,0.086956522,0.260869565,1,FALSE
Sebastian Vettel,Germany,"[2007, 2008, 2009, 2010, 2011, 2012, 2013, 2014, 2015, 2016, 2017, 2018, 2019, 2020, 2021, 2022]",4,300,299,57,53,122,38,3098,FALSE,"[2010, 2011, 2012, 2013]",2010,0.19,0.996666667,0.176666667,0.406666667,0.126666667,10.32666667,16,TRUE
Gilles Villeneuve,Canada,"[1977, 1978, 1979, 1980, 1981, 1982]",0,68,67,2,6,13,8,101,FALSE,,1980,0.029411765,0.985294118,0.088235294,0.191176471,0.117647059,1.485294118,6,FALSE
Jacques Villeneuve,Canada,"[1996, 1997, 1998, 1999, 2000, 2001, 2002, 2003, 2004, 2005, 2006]",1,165,163,13,11,23,9,235,FALSE,[1997],2000,0.078787879,0.987878788,0.066666667,0.139393939,0.054545455,1.424242424,11,TRUE
Jacques Villeneuve Sr.,Canada,"[1981, 1983]",0,3,0,0,0,0,0,0,FALSE,,1980,0,0,0,0,0,0,2,FALSE
Luigi Villoresi,Italy,"[1950, 1951, 1952, 1953, 1954, 1955, 1956]",0,34,31,0,0,8,1,46,FALSE,,1950,0,0.911764706,0,0.235294118,0.029411765,1.352941176,7,FALSE
Emilio de Villota,Spain,"[1976, 1977, 1978, 1981, 1982]",0,15,2,0,0,0,0,0,FALSE,,1980,0,0.133333333,0,0,0,0,5,FALSE
Ottorino Volonterio,Switzerland,"[1954, 1956, 1957]",0,3,3,0,0,0,0,0,FALSE,,1960,0,1,0,0,0,0,3,FALSE
Jo Vonlanthen,Switzerland,[1975],0,1,1,0,0,0,0,0,FALSE,,1980,0,1,0,0,0,0,1,FALSE
Ernie de Vos,Canada,[1963],0,1,0,0,0,0,0,0,FALSE,,1960,0,0,0,0,0,0,1,FALSE
Oscar Piastri,Australia,[2023],0,1,1,0,0,0,0,0,TRUE,,2020,0,1,0,0,0,0,1,FALSE
Bill Vukovich,United States,"[1951, 1952, 1953, 1954, 1955]",0,6,5,1,2,2,3,19,FALSE,,1950,0.166666667,0.833333333,0.333333333,0.333333333,0.5,3.166666667,5,FALSE
Syd van der Vyver,South Africa,[1962],0,1,0,0,0,0,0,0,FALSE,,1960,0,0,0,0,0,0,1,FALSE
Fred Wacker,United States,"[1953, 1954]",0,5,3,0,0,0,0,0,FALSE,,1950,0,0.6,0,0,0,0,2,FALSE
David Walker,Australia,"[1971, 1972]",0,11,11,0,0,0,0,0,FALSE,,1970,0,1,0,0,0,0,2,FALSE
Peter Walker,United Kingdom,"[1950, 1951, 1955]",0,4,4,0,0,0,0,0,FALSE,,1950,0,1,0,0,0,0,3,FALSE
Lee Wallard,United States,"[1950, 1951]",0,3,2,0,1,1,1,9,FALSE,,1950,0,0.666666667,0.333333333,0.333333333,0.333333333,3,2,FALSE
Heini Walter,Switzerland,[1962],0,1,1,0,0,0,0,0,FALSE,,1960,0,1,0,0,0,0,1,FALSE
Rodger Ward,United States,"[1951, 1952, 1953, 1954, 1955, 1956, 1957, 1958, 1959, 1960, 1963]",0,12,12,0,1,2,0,14,FALSE,,1960,0,1,0.083333333,0.166666667,0,1.166666667,11,FALSE
Derek Warwick,United Kingdom,"[1981, 1982, 1983, 1984, 1985, 1986, 1987, 1988, 1989, 1990, 1993]",0,162,147,0,0,4,2,71,FALSE,,1990,0,0.907407407,0,0.024691358,0.012345679,0.438271605,11,FALSE
John Watson,United Kingdom,"[1973, 1974, 1975, 1976, 1977, 1978, 1979, 1980, 1981, 1982, 1983, 1985]",0,154,152,2,5,20,5,169,FALSE,,1980,0.012987013,0.987012987,0.032467532,0.12987013,0.032467532,1.097402597,12,FALSE
Travis Webb,United States,"[1950, 1952, 1953, 1954]",0,5,4,0,0,0,0,0,FALSE,,1950,0,0.8,0,0,0,0,4,FALSE
Mark Webber,Australia,"[2002, 2003, 2004, 2005, 2006, 2007, 2008, 2009, 2010, 2011, 2012, 2013]",0,217,215,13,9,42,19,1047.5,FALSE,,2010,0.059907834,0.99078341,0.041474654,0.193548387,0.087557604,4.82718894,12,FALSE
Pascal Wehrlein,Germany,"[2016, 2017]",0,40,39,0,0,0,0,6,FALSE,,2020,0,0.975,0,0,0,0.15,2,FALSE
Volker Weidler,West Germany,[1989],0,10,0,0,0,0,0,0,FALSE,,1990,0,0,0,0,0,0,1,FALSE
Wayne Weiler,United States,[1960],0,1,1,0,0,0,0,0,FALSE,,1960,0,1,0,0,0,0,1,FALSE
Karl Wendlinger,Austria,"[1991, 1992, 1993, 1994, 1995]",0,42,41,0,0,0,0,14,FALSE,,1990,0,0.976190476,0,0,0,0.333333333,5,FALSE
Peter Westbury,United Kingdom,[1970],0,2,1,0,0,0,0,0,FALSE,,1970,0,0.5,0,0,0,0,1,FALSE
Chuck Weyant,United States,"[1955, 1957, 1958, 1959]",0,6,4,0,0,0,0,0,FALSE,,1960,0,0.666666667,0,0,0,0,4,FALSE
Ken Wharton,United Kingdom,"[1952, 1953, 1954, 1955]",0,16,15,0,0,0,0,3,FALSE,,1950,0,0.9375,0,0,0,0.1875,4,FALSE
Ted Whiteaway,United Kingdom,[1955],0,1,0,0,0,0,0,0,FALSE,,1960,0,0,0,0,0,0,1,FALSE
Graham Whitehead,United Kingdom,[1952],0,1,1,0,0,0,0,0,FALSE,,1950,0,1,0,0,0,0,1,FALSE
Peter Whitehead,United Kingdom,"[1950, 1951, 1952, 1953, 1954]",0,12,10,0,0,1,0,4,FALSE,,1950,0,0.833333333,0,0.083333333,0,0.333333333,5,FALSE
Bill Whitehouse,United Kingdom,[1954],0,1,1,0,0,0,0,0,FALSE,,1950,0,1,0,0,0,0,1,FALSE
Robin Widdows,United Kingdom,[1968],0,1,1,0,0,0,0,0,FALSE,,1970,0,1,0,0,0,0,1,FALSE
Eppie Wietzes,Canada,"[1967, 1974]",0,2,2,0,0,0,0,0,FALSE,,1970,0,1,0,0,0,0,2,FALSE
Mike Wilds,United Kingdom,"[1974, 1975, 1976]",0,8,3,0,0,0,0,0,FALSE,,1980,0,0.375,0,0,0,0,3,FALSE
Jonathan Williams,United Kingdom,[1967],0,1,1,0,0,0,0,0,FALSE,,1970,0,1,0,0,0,0,1,FALSE
Roger Williamson,United Kingdom,[1973],0,2,2,0,0,0,0,0,FALSE,,1970,0,1,0,0,0,0,1,FALSE
Dempsey Wilson,United States,"[1958, 1960]",0,5,2,0,0,0,0,0,FALSE,,1960,0,0.4,0,0,0,0,2,FALSE
Desiré Wilson,South Africa,[1980],0,1,0,0,0,0,0,0,FALSE,,1980,0,0,0,0,0,0,1,FALSE
Justin Wilson,United Kingdom,[2003],0,16,16,0,0,0,0,1,FALSE,,2000,0,1,0,0,0,0.0625,1,FALSE
Vic Wilson,United Kingdom,"[1960, 1966]",0,2,1,0,0,0,0,0,FALSE,,1960,0,0.5,0,0,0,0,2,FALSE
Joachim Winkelhock,West Germany,[1989],0,7,0,0,0,0,0,0,FALSE,,1990,0,0,0,0,0,0,1,FALSE
Manfred Winkelhock,West Germany,"[1980, 1982, 1983, 1984, 1985]",0,56,47,0,0,0,0,2,FALSE,,1980,0,0.839285714,0,0,0,0.035714286,5,FALSE
Markus Winkelhock,Germany,[2007],0,1,1,0,0,0,0,0,FALSE,,2010,0,1,0,0,0,0,1,FALSE
Reine Wisell,Sweden,"[1970, 1971, 1972, 1973, 1974]",0,23,22,0,0,1,0,13,FALSE,,1970,0,0.956521739,0,0.043478261,0,0.565217391,5,FALSE
Roelof Wunderink,Netherlands,[1975],0,6,3,0,0,0,0,0,FALSE,,1980,0,0.5,0,0,0,0,1,FALSE
Alexander Wurz,Austria,"[1997, 1998, 1999, 2000, 2005, 2007]",0,69,69,0,0,3,1,45,FALSE,,2000,0,1,0,0.043478261,0.014492754,0.652173913,6,FALSE
Sakon Yamamoto,Japan,"[2006, 2007, 2010]",0,21,21,0,0,0,0,0,FALSE,,2010,0,1,0,0,0,0,3,FALSE
Alex Yoong,Malaysia,"[2001, 2002]",0,18,14,0,0,0,0,0,FALSE,,2000,0,0.777777778,0,0,0,0,2,FALSE
Alessandro Zanardi,Italy,"[1991, 1992, 1993, 1994, 1999]",0,44,41,0,0,0,0,1,FALSE,,1990,0,0.931818182,0,0,0,0.022727273,5,FALSE
Emilio Zapico,Spain,[1976],0,1,0,0,0,0,0,0,FALSE,,1980,0,0,0,0,0,0,1,FALSE
Logan Sargeant,United States,[2023],0,1,1,0,0,0,0,0,TRUE,,2020,0,1,0,0,0,0,1,FALSE
Ricardo Zonta,Brazil,"[1999, 2000, 2001, 2004, 2005]",0,37,36,0,0,0,0,3,FALSE,,2000,0,0.972972973,0,0,0,0.081081081,5,FALSE
Renzo Zorzi,Italy,"[1975, 1976, 1977]",0,7,7,0,0,0,0,1,FALSE,,1980,0,1,0,0,0,0.142857143,3,FALSE
Ricardo Zunino,Argentina,"[1979, 1980, 1981]",0,11,10,0,0,0,0,0,FALSE,,1980,0,0.909090909,0,0,0,0,3,FALSE
Oliver Bearman,United Kingdom,[2024],0,1,1,0,0,0,0,6,TRUE,,2020,0,1,0,0,0,6,1,FALSE
