driverId,seasonId,isChampionship
1,3,False
1,2,True
1,1,False
1,21,False
1,62,False
1,63,False
1,64,False
1,65,True
1,66,True
1,67,False
1,68,True
1,69,True
1,70,True
1,71,True
1,72,False
1,73,False
2,10,False
2,9,False
2,8,False
2,7,False
2,6,False
2,5,False
2,4,False
2,3,False
2,2,False
2,1,False
2,21,False
2,62,False
3,4,False
3,3,False
3,2,False
3,1,False
3,21,False
3,62,False
3,63,False
3,64,False
3,65,False
3,66,False
3,67,True
4,9,False
4,7,False
4,6,False
4,5,True
4,4,True
4,3,False
4,2,False
4,1,False
4,21,False
4,62,False
4,63,False
4,64,False
4,65,False
4,66,False
4,67,False
4,68,False
4,69,False
4,72,False
4,73,False
5,3,False
5,2,False
5,1,False
5,21,False
5,62,False
5,63,False
5,64,False
6,3,False
6,2,False
6,1,False
7,2,False
7,1,False
8,9,False
8,8,False
8,7,False
8,6,False
8,5,False
8,4,False
8,3,True
8,2,False
8,1,False
8,63,False
8,64,False
8,65,False
8,66,False
8,67,False
8,68,False
8,69,False
8,70,False
8,71,False
8,72,False
9,4,False
9,3,False
9,2,False
9,1,False
9,21,False
9,70,False
9,72,False
10,6,False
10,2,False
10,1,False
10,21,False
10,62,False
10,63,False
11,8,False
11,7,False
11,6,False
11,5,False
11,4,False
11,3,False
11,2,False
12,2,False
12,1,False
13,8,False
13,6,False
13,5,False
13,4,False
13,3,False
13,2,False
13,1,False
13,21,False
13,62,False
13,63,False
13,64,False
13,65,False
13,66,False
13,67,False
13,68,False
14,16,False
14,15,False
14,14,False
14,13,False
14,12,False
14,11,False
14,10,False
14,9,False
14,8,False
14,7,False
14,6,False
14,5,False
14,4,False
14,3,False
14,2,False
15,13,False
15,12,False
15,11,False
15,10,False
15,9,False
15,8,False
15,7,False
15,6,False
15,5,False
15,4,False
15,3,False
15,2,False
15,1,False
15,21,False
15,62,False
16,3,False
16,2,False
16,1,False
16,21,False
16,62,False
16,64,False
16,65,False
17,8,False
17,7,False
17,6,False
17,5,False
17,4,False
17,3,False
17,2,False
17,1,False
17,21,False
17,62,False
17,63,False
17,64,False
18,10,False
18,9,False
18,8,False
18,7,False
18,6,False
18,5,False
18,4,False
18,3,False
18,2,False
18,1,True
18,21,False
18,62,False
18,63,False
18,64,False
18,65,False
18,66,False
18,67,False
18,68,False
19,8,False
19,5,False
19,3,False
19,2,False
20,3,False
20,2,False
20,1,False
20,21,True
20,62,True
20,63,True
20,64,True
20,65,False
20,66,False
20,67,False
20,68,False
20,69,False
20,70,False
20,71,False
20,72,False
20,73,False
21,14,False
21,13,False
21,12,False
21,11,False
21,10,False
21,9,False
21,8,False
21,7,False
21,6,False
21,5,False
21,4,False
21,3,False
21,2,False
21,1,False
22,17,False
22,16,False
22,15,False
22,14,False
22,13,False
22,12,False
22,11,False
22,10,False
22,9,False
22,8,False
22,7,False
22,6,False
22,5,False
22,4,False
22,3,False
22,2,False
22,1,False
22,21,False
22,62,False
23,13,False
23,12,False
23,11,False
23,10,False
23,9,False
23,8,False
23,7,False
23,6,False
23,5,False
23,4,False
23,3,False
24,5,False
24,4,False
24,3,False
24,1,False
24,21,False
24,62,False
25,13,False
25,12,False
25,11,False
25,10,False
25,5,False
25,3,False
26,4,False
26,3,False
27,5,False
27,4,False
27,3,False
28,3,False
29,4,False
29,3,False
29,21,False
30,19,False
30,18,False
30,17,False
30,16,True
30,15,True
30,14,False
30,13,False
30,12,False
30,11,False
30,10,True
30,9,True
30,8,True
30,7,True
30,6,True
30,5,False
30,4,False
30,21,False
30,62,False
30,63,False
31,9,False
31,8,False
31,7,False
31,6,False
31,5,False
31,4,False
32,6,False
32,5,False
32,4,False
32,21,False
33,5,False
33,4,False
34,4,False
35,14,False
35,13,True
35,12,False
35,11,False
35,10,False
35,9,False
35,8,False
35,7,False
35,6,False
35,5,False
35,4,False
36,4,False
37,11,False
37,10,False
37,9,False
37,8,False
37,5,False
37,4,False
37,21,False
37,62,False
37,63,False
38,5,False
38,4,False
39,5,False
39,62,False
39,63,False
40,5,False
41,11,False
41,10,False
41,9,False
41,6,False
41,5,False
42,7,False
42,6,False
42,5,False
43,7,False
43,6,False
44,16,False
44,15,False
44,14,False
44,13,False
44,12,False
44,11,False
44,9,False
44,8,False
44,7,False
44,6,False
45,6,False
46,6,False
47,7,False
47,6,False
48,11,False
48,10,False
48,7,False
48,6,False
49,16,False
49,15,False
49,14,False
49,13,False
49,12,False
49,11,False
49,10,False
49,9,False
49,8,False
49,7,False
50,16,False
50,15,False
50,14,False
50,13,False
50,12,False
50,10,False
50,9,False
50,7,False
51,7,False
52,7,False
53,7,False
54,10,False
54,9,False
55,22,False
55,20,False
55,19,False
55,18,False
55,17,False
55,16,False
55,15,False
55,14,False
55,13,False
55,12,False
55,11,False
55,10,False
55,9,False
56,17,False
56,16,False
56,15,False
56,14,False
56,13,False
56,12,False
56,11,False
56,10,False
56,9,False
56,8,False
57,19,False
57,18,False
57,17,False
57,16,False
57,15,False
57,14,False
57,13,False
57,12,True
57,11,True
57,10,False
57,9,False
58,14,False
58,13,False
58,9,False
59,9,False
59,8,False
60,10,False
60,9,False
61,9,False
62,9,False
62,8,False
63,16,False
63,15,False
63,14,False
63,13,False
63,12,False
63,11,False
63,10,False
63,8,False
64,15,False
64,14,False
64,13,False
64,12,False
64,11,False
64,10,False
65,22,False
65,20,False
65,19,False
65,18,False
65,17,False
65,16,False
65,15,False
65,14,False
65,13,False
65,12,False
65,11,False
65,10,False
66,8,False
67,1,False
67,21,False
67,62,False
68,12,False
68,11,False
69,17,False
69,15,False
69,14,False
69,11,False
69,1,False
70,19,False
70,18,False
70,17,False
70,16,False
70,11,False
71,18,False
71,17,False
71,16,False
71,15,False
71,14,True
71,13,False
71,12,False
71,11,False
72,11,False
73,14,False
73,13,False
73,12,False
74,12,False
75,13,False
75,12,False
76,15,False
76,13,False
76,12,False
77,27,False
77,26,False
77,25,False
77,24,False
77,23,False
77,22,False
77,20,False
77,19,False
77,18,False
77,17,False
77,16,False
77,15,False
77,14,False
77,13,False
78,24,False
78,23,False
78,22,False
78,20,False
78,19,False
78,18,False
78,16,False
78,13,False
79,18,False
79,17,False
79,16,False
79,15,False
79,14,False
79,13,False
80,13,False
81,20,False
81,19,False
81,18,False
81,16,False
81,15,False
81,13,False
82,13,False
83,17,False
83,16,False
83,15,False
83,14,False
84,27,False
84,26,False
84,25,False
84,24,False
84,23,False
84,22,False
84,19,False
84,18,False
84,17,False
84,16,False
84,15,False
84,14,False
85,16,False
85,15,False
85,14,False
86,15,False
86,14,False
87,19,False
87,17,False
87,16,False
87,15,False
88,23,False
88,22,False
88,20,False
88,19,False
88,18,False
88,17,False
88,16,False
88,15,False
89,16,False
89,15,False
90,29,False
90,24,False
90,22,False
90,20,False
90,19,False
90,18,False
90,15,False
91,19,False
91,18,False
91,17,False
91,16,False
91,15,False
92,22,False
92,20,False
92,19,False
92,18,False
92,16,False
92,15,False
93,16,False
93,15,False
94,27,False
94,26,False
94,23,False
94,22,False
94,20,False
94,19,False
94,18,False
94,17,False
94,16,False
94,15,False
95,31,False
95,30,False
95,29,False
95,28,False
95,27,False
95,26,False
95,25,False
95,24,False
95,23,False
95,22,False
95,20,False
95,19,False
95,18,True
95,16,False
95,15,False
96,15,False
97,15,False
98,16,False
98,15,False
99,24,False
99,23,False
99,22,False
99,20,False
99,19,False
99,18,False
99,15,False
100,19,False
100,18,False
100,17,False
100,16,False
101,20,False
101,16,False
102,27,False
102,26,False
102,25,False
102,24,False
102,23,True
102,22,False
102,20,True
102,19,True
102,18,False
102,17,False
102,16,False
103,22,False
103,20,False
103,19,False
103,16,False
104,18,False
104,17,False
104,16,False
105,30,False
105,29,False
105,28,False
105,27,False
105,26,False
105,25,False
105,24,False
105,23,False
105,22,False
105,20,False
105,19,False
105,18,False
105,17,False
105,16,False
106,16,False
107,16,False
108,18,False
108,16,False
109,22,False
109,20,False
109,19,False
109,18,False
109,17,False
109,16,False
110,31,False
110,30,False
110,29,False
110,28,False
110,27,False
110,26,False
110,25,False
110,24,False
110,23,False
110,22,False
110,20,False
110,19,False
110,18,False
110,17,False
110,16,False
111,17,False
111,16,False
112,27,False
112,26,False
112,25,False
112,24,False
112,23,False
112,22,False
112,20,False
112,17,False
112,16,False
113,16,False
114,24,False
114,23,False
114,22,False
114,20,False
114,16,False
115,16,False
116,16,False
117,31,False
117,30,False
117,29,False
117,28,False
117,27,False
117,26,True
117,25,True
117,24,False
117,23,False
117,22,True
117,20,False
117,19,False
117,17,True
118,30,False
118,29,False
118,28,False
118,27,False
118,26,False
118,25,False
118,24,False
118,23,False
118,22,False
118,20,False
118,17,False
119,34,False
119,33,False
119,32,False
119,31,False
119,30,False
119,29,False
119,28,False
119,27,False
119,26,False
119,25,False
119,24,False
119,23,False
119,22,False
119,20,False
119,19,False
119,18,False
119,17,False
120,19,False
120,17,False
121,17,False
122,26,False
122,25,False
122,24,False
122,23,False
122,22,False
122,20,False
122,19,False
122,18,False
122,17,False
123,28,False
123,27,False
123,26,False
123,25,False
123,24,False
123,23,False
123,22,False
123,20,False
123,19,False
123,18,False
123,17,False
124,17,False
125,18,False
125,17,False
126,17,False
127,23,False
127,22,False
127,20,False
127,19,False
127,18,False
128,19,False
128,18,False
129,22,False
129,20,False
129,19,False
129,18,False
130,18,False
131,24,False
131,23,False
131,22,False
131,20,False
131,19,False
131,18,False
132,18,False
133,25,False
133,24,False
133,23,False
133,22,False
133,20,False
133,19,False
134,22,False
135,18,False
136,32,False
136,31,False
136,30,False
136,29,False
136,18,False
137,33,False
137,32,False
137,31,False
137,30,True
137,29,False
137,28,True
137,27,False
137,26,False
137,25,False
137,24,True
137,23,False
137,22,False
137,20,False
137,19,False
138,24,False
138,23,False
138,22,False
138,20,False
138,19,False
139,22,False
139,20,False
139,19,False
140,31,False
140,28,False
140,27,False
140,26,False
140,25,False
140,24,False
140,23,False
140,22,False
140,20,False
140,19,False
141,23,False
141,19,False
142,19,False
143,19,False
144,19,False
145,25,False
145,24,False
145,23,False
145,22,False
145,20,False
146,23,False
146,22,False
146,20,False
147,22,False
147,20,False
148,22,False
148,20,False
149,20,False
150,20,False
151,22,False
151,20,False
152,34,False
152,33,False
152,32,False
152,31,False
152,30,False
152,29,False
152,28,False
152,20,False
153,1,False
153,21,False
153,62,False
154,1,False
154,63,False
154,64,False
154,65,False
154,66,False
154,67,False
154,68,False
154,69,False
154,70,False
154,71,False
155,1,False
155,21,False
155,62,False
155,63,False
155,65,False
156,28,False
156,27,False
156,26,False
156,25,False
156,24,False
156,23,False
156,22,False
157,26,False
157,25,False
157,24,False
157,22,False
158,33,False
158,31,False
158,30,False
158,29,False
158,28,False
158,27,False
158,26,False
158,25,False
158,24,False
158,23,False
158,22,False
159,23,False
159,22,False
160,30,False
160,28,False
160,27,False
160,26,False
160,25,False
160,24,False
160,23,False
160,22,False
161,22,False
162,23,False
162,22,False
163,33,False
163,32,False
163,31,False
163,30,False
163,29,False
163,28,False
163,27,False
163,26,False
163,25,False
163,24,False
163,23,False
163,22,False
164,22,False
165,23,False
165,22,False
166,27,False
166,26,False
166,25,False
166,24,False
166,23,False
167,24,False
167,23,False
168,28,False
168,23,False
169,24,False
170,29,False
170,27,False
170,26,False
170,25,False
170,24,False
171,24,False
172,37,False
172,36,False
172,35,False
172,34,False
172,33,False
172,32,False
172,31,False
172,30,False
172,29,False
172,28,False
172,27,False
172,26,False
172,25,False
173,32,False
173,31,False
173,30,False
173,29,False
173,28,False
173,27,False
173,26,False
173,25,False
174,25,False
175,34,False
175,33,False
175,32,False
175,30,False
175,29,False
175,28,False
175,27,False
175,26,False
175,25,False
176,32,False
176,31,False
176,30,False
176,29,False
176,28,False
176,27,False
176,26,False
176,25,False
177,33,False
177,32,False
177,31,False
177,30,False
177,29,True
177,28,False
177,27,False
177,26,False
177,25,False
178,36,False
178,35,False
178,34,False
178,33,False
178,32,False
178,31,True
178,30,False
178,28,False
178,26,False
178,25,False
179,27,False
179,26,False
179,25,False
180,25,False
181,31,False
181,29,False
181,28,False
181,27,False
181,26,False
182,40,False
182,39,False
182,38,False
182,37,False
182,36,True
182,35,False
182,34,True
182,33,False
182,32,False
182,29,False
182,28,False
182,27,True
182,26,False
183,27,False
183,26,False
184,29,False
184,28,False
184,27,False
184,26,False
185,27,False
185,26,False
186,28,False
186,26,False
187,38,False
187,37,False
187,36,False
187,35,False
187,34,False
187,33,False
187,32,False
187,31,False
187,30,False
187,29,False
187,28,False
187,26,False
188,28,False
188,27,False
189,27,False
190,28,False
190,27,False
191,31,False
191,27,False
192,30,False
192,29,False
192,28,False
193,28,False
194,30,False
194,29,False
194,28,False
195,29,False
195,28,False
196,29,False
196,28,False
197,40,False
197,38,False
197,37,False
197,36,False
197,35,False
197,34,False
197,33,False
197,32,False
197,31,False
197,30,False
197,29,False
197,28,False
198,30,False
198,28,False
199,39,False
199,38,False
199,37,False
199,36,False
199,35,False
199,34,False
199,33,False
199,32,False
199,31,False
199,30,False
199,29,False
200,38,False
200,37,False
200,36,False
200,35,False
200,34,False
200,33,False
200,32,False
200,31,False
200,29,False
201,30,False
201,29,False
202,33,False
202,32,False
202,31,False
202,30,False
202,29,False
203,34,False
203,33,False
203,32,False
203,31,False
203,30,False
203,29,False
204,29,False
205,36,False
205,34,False
205,30,False
205,29,False
206,33,False
206,32,False
206,31,False
206,30,False
206,29,False
207,43,False
207,42,False
207,41,False
207,40,False
207,39,False
207,37,False
207,36,False
207,35,False
207,34,False
207,33,True
207,32,False
207,31,False
207,30,False
207,29,False
208,35,False
208,34,False
208,33,False
208,30,False
208,29,False
209,33,False
209,32,False
209,31,False
209,29,False
210,29,False
211,34,False
211,33,False
211,31,False
211,29,False
212,34,False
212,33,False
212,32,False
212,31,False
212,30,False
213,33,False
213,30,False
214,31,False
214,30,False
215,30,False
216,30,False
217,32,False
217,31,False
217,30,False
218,30,False
219,37,False
219,36,False
219,34,False
219,33,False
219,32,False
219,31,False
219,30,False
220,34,False
220,30,False
221,39,False
221,37,False
221,36,False
221,35,False
221,34,False
221,33,False
221,32,False
221,31,False
222,39,False
222,38,False
222,37,False
222,36,False
222,35,False
222,34,False
222,33,False
222,32,True
222,31,False
223,41,False
223,40,False
223,39,False
223,38,False
223,37,False
223,36,False
223,35,False
223,34,False
223,33,False
223,32,False
223,31,False
224,41,False
224,40,False
224,39,True
224,38,False
224,37,True
224,36,False
224,35,False
224,34,False
224,33,False
224,32,False
224,31,False
225,31,False
226,31,False
227,31,False
228,31,False
229,36,False
229,35,False
229,34,False
229,33,False
229,31,False
230,37,False
230,36,False
230,35,False
230,34,False
230,33,False
230,32,False
230,31,False
231,38,False
231,37,False
231,36,False
231,35,True
231,34,False
231,33,False
231,32,False
232,39,False
232,38,False
232,37,False
232,36,False
232,35,False
232,34,False
232,33,False
232,32,False
233,37,False
233,36,False
233,35,False
233,34,False
233,33,False
233,32,False
234,32,False
235,44,False
235,43,False
235,42,False
235,41,False
235,40,False
235,39,False
235,38,False
235,37,False
235,36,False
235,35,False
235,34,False
235,33,False
235,32,False
236,32,False
237,35,False
237,34,False
237,32,False
238,41,False
238,40,False
238,39,False
238,38,False
238,37,False
238,36,False
238,35,False
238,34,False
238,33,False
239,36,False
239,35,False
239,34,False
239,33,False
240,34,False
240,33,False
241,34,False
241,33,False
242,35,False
242,33,False
243,41,False
243,40,False
243,39,False
243,38,False
243,37,False
243,36,False
243,35,False
243,33,False
244,33,False
245,36,False
245,35,False
245,34,False
245,33,False
246,35,False
246,34,False
246,33,False
247,34,False
247,33,False
248,33,False
249,33,False
250,39,False
250,38,False
250,37,False
250,36,False
250,35,False
250,34,False
251,37,False
251,36,False
251,35,False
251,34,False
252,37,False
252,36,False
252,35,False
252,34,False
253,35,False
253,34,False
254,36,False
254,35,False
254,34,False
255,35,False
255,34,False
256,37,False
256,35,False
256,34,False
257,35,False
257,34,False
258,35,False
258,34,False
258,33,False
259,38,False
259,37,False
259,34,False
260,35,False
260,34,False
261,34,False
261,33,False
262,43,False
262,42,False
262,41,False
262,40,False
262,39,False
262,38,False
262,34,False
263,34,False
264,34,False
265,37,False
265,35,False
265,34,False
266,34,False
267,39,False
267,37,False
267,36,False
267,34,False
268,34,False
269,37,False
269,34,False
270,37,False
270,36,False
270,35,False
270,34,False
271,35,False
271,34,False
272,34,False
273,35,False
273,34,False
274,35,False
274,34,False
275,37,False
275,36,False
275,35,False
276,36,False
276,35,False
277,36,False
277,35,False
278,48,False
278,47,False
278,46,False
278,45,False
278,44,False
278,43,False
278,42,False
278,41,False
278,40,False
278,39,False
278,38,False
278,37,False
278,36,False
278,35,False
279,35,False
280,43,False
280,41,False
280,40,False
280,39,False
280,38,False
280,37,False
280,35,False
281,35,False
282,36,False
282,35,False
283,37,False
283,36,False
283,35,False
284,35,False
285,35,False
286,35,False
287,35,False
288,40,False
288,37,False
288,36,False
289,53,False
289,52,False
289,51,False
289,50,False
289,49,True
289,48,False
289,47,False
289,46,False
289,45,False
289,44,False
289,43,True
289,42,False
289,41,False
289,40,False
289,39,False
289,38,False
289,37,False
289,36,False
290,39,False
290,38,False
290,36,False
291,36,False
292,38,False
292,37,False
292,36,False
293,46,False
293,44,False
293,43,False
293,41,False
293,40,False
293,39,False
293,38,False
293,37,False
293,36,False
294,36,False
295,36,False
296,39,False
296,37,False
296,36,False
297,36,False
298,40,False
298,38,False
298,37,False
298,36,False
299,36,False
300,37,False
300,36,False
301,36,False
302,36,False
303,36,False
304,46,False
304,45,False
304,44,True
304,43,False
304,42,False
304,41,False
304,40,False
304,39,False
304,38,False
304,37,False
305,48,False
305,47,False
305,46,False
305,40,False
305,39,False
305,38,False
305,37,False
306,44,False
306,43,False
306,42,False
306,41,False
306,40,False
306,39,False
306,38,False
306,37,False
307,40,False
307,39,False
307,38,False
307,37,False
308,37,False
309,47,False
309,40,False
309,39,False
309,38,False
309,37,False
310,48,False
310,37,False
311,38,False
311,37,False
312,43,False
312,41,False
312,40,False
312,39,False
312,38,False
312,37,False
313,38,False
313,37,False
314,41,False
314,40,False
314,39,False
314,38,False
314,37,False
315,37,False
316,37,False
317,41,False
317,40,False
317,39,False
317,38,False
317,37,False
318,37,False
319,37,False
320,41,False
320,40,False
320,39,False
320,38,False
320,37,False
321,43,False
321,42,False
321,41,False
321,40,False
321,39,False
321,37,False
322,44,False
322,43,False
322,40,False
322,37,False
323,42,False
323,37,False
324,37,False
325,37,False
326,44,False
326,37,False
327,41,False
327,40,False
327,39,False
327,38,False
328,46,False
328,45,False
328,44,False
328,43,False
328,42,True
328,41,False
328,40,True
328,39,False
328,38,True
329,40,False
329,39,False
329,38,False
330,41,False
330,40,False
330,39,False
330,38,False
331,38,False
332,38,False
333,43,False
333,41,False
333,40,False
333,39,False
333,38,False
334,46,False
334,43,False
334,40,False
334,38,False
335,38,False
336,38,False
337,40,False
337,39,False
338,40,False
338,39,False
339,41,False
339,40,False
339,39,False
340,49,False
340,48,False
340,47,False
340,46,False
340,44,False
340,43,False
340,42,False
340,41,False
340,40,False
340,39,False
341,51,False
341,50,False
341,49,False
341,48,False
341,47,True
341,46,False
341,45,False
341,44,False
341,43,False
341,42,False
341,41,False
341,40,False
341,39,False
342,40,False
342,39,False
343,43,False
343,42,False
343,39,False
344,40,False
344,39,False
345,48,False
345,47,False
345,46,False
345,45,False
345,44,False
345,43,False
345,42,False
345,41,False
345,40,False
346,49,False
346,48,False
346,47,False
346,46,False
346,45,False
346,44,False
346,43,False
346,42,False
346,41,False
346,40,False
347,55,False
347,54,False
347,53,False
347,52,False
347,51,False
347,50,False
347,49,False
347,48,False
347,47,False
347,46,False
347,45,False
347,44,False
347,43,False
347,42,False
347,41,False
347,40,False
348,40,False
349,40,False
350,43,False
350,42,False
350,40,False
351,44,False
351,43,False
351,42,False
351,41,False
351,40,False
352,42,False
352,41,False
352,40,False
353,52,False
353,51,False
353,42,False
353,41,False
353,40,False
354,40,False
355,40,False
356,56,False
356,55,False
356,54,False
356,53,False
356,52,True
356,51,True
356,50,False
356,49,False
356,48,False
356,47,False
356,46,False
356,45,True
356,44,False
356,43,False
356,42,False
356,41,False
357,42,False
357,41,False
358,47,False
358,46,False
358,45,False
358,44,False
358,43,False
358,42,False
358,41,True
359,44,False
359,43,False
359,42,False
359,41,False
360,53,False
360,52,False
360,51,False
360,50,False
360,49,False
360,48,False
360,47,False
360,46,False
360,45,False
360,44,False
360,43,False
360,42,False
360,41,False
361,44,False
361,43,False
361,42,False
361,41,False
362,48,False
362,46,False
362,42,False
362,41,False
363,41,False
364,52,False
364,51,False
364,50,False
364,49,False
364,48,False
364,47,False
364,46,False
364,45,False
364,44,False
364,43,False
364,41,False
365,44,False
365,43,False
365,41,False
366,41,False
367,41,False
368,48,False
368,46,False
368,44,False
368,43,False
368,42,False
369,43,False
369,42,False
370,47,False
370,46,False
370,44,False
370,43,False
370,42,False
371,44,False
371,43,False
371,42,False
372,42,False
373,51,False
373,50,False
373,49,False
373,48,True
373,47,False
373,46,True
373,45,False
373,44,False
373,43,False
374,48,False
374,47,False
374,46,False
374,45,False
374,44,False
374,43,False
375,48,False
375,47,False
375,46,False
375,45,False
375,44,False
375,43,False
376,52,False
376,51,False
376,50,False
376,49,False
376,48,False
376,46,False
376,43,False
377,43,False
378,43,False
379,45,False
379,44,False
379,43,False
379,42,False
380,47,False
380,46,False
380,43,False
381,43,False
382,48,False
382,47,False
382,46,False
382,45,False
382,44,False
382,43,False
383,48,False
383,47,False
383,46,False
383,45,False
383,44,False
384,44,False
385,50,False
385,49,False
385,48,False
385,47,False
385,46,False
385,45,False
385,44,False
386,51,False
386,50,False
386,49,False
386,48,False
386,47,False
386,46,False
386,45,False
386,44,False
387,52,False
387,45,False
387,44,False
388,45,False
388,44,False
389,45,False
389,44,False
390,44,False
391,44,False
392,44,False
393,44,False
394,50,False
394,49,False
394,48,False
394,47,False
394,46,False
394,45,False
394,44,False
395,44,False
396,46,False
396,45,False
397,48,False
397,47,False
397,45,False
398,51,False
398,45,False
399,47,False
399,45,False
400,45,False
401,52,False
401,50,False
401,49,False
401,48,False
401,47,False
401,45,False
402,47,False
402,46,False
402,45,False
403,53,False
403,52,False
403,51,False
403,50,True
403,49,False
403,48,False
403,47,False
403,45,False
404,52,False
404,51,False
404,50,False
404,49,False
404,48,False
404,47,False
404,46,False
404,45,False
405,47,False
405,46,False
405,45,False
406,46,False
407,48,False
407,46,False
408,50,False
408,49,False
408,48,False
408,47,False
408,46,False
409,48,False
409,46,False
410,49,False
410,46,False
411,49,False
411,48,False
411,46,False
412,48,False
412,46,False
413,49,False
413,48,False
413,46,False
414,46,False
415,46,False
416,46,False
417,46,False
418,54,False
418,53,False
418,52,False
418,51,False
418,50,False
418,49,False
418,48,False
418,46,False
419,46,False
420,48,False
420,47,False
420,46,False
421,46,False
422,46,False
423,48,False
423,47,False
423,46,False
424,50,False
424,46,False
425,50,False
425,49,False
425,46,False
426,46,False
427,61,False
427,60,False
427,59,False
427,58,False
427,57,False
427,56,False
427,55,False
427,54,False
427,53,False
427,52,False
427,51,False
427,50,False
427,49,False
427,48,False
427,47,False
428,50,False
428,49,False
428,48,False
428,47,False
429,60,False
429,58,False
429,57,False
429,55,False
429,50,False
429,48,False
429,47,False
430,54,False
430,53,False
430,52,False
430,51,False
430,50,False
430,49,False
430,48,False
430,47,False
431,58,False
431,54,False
431,53,False
431,51,False
431,50,False
431,47,False
432,52,False
432,51,False
432,48,False
432,47,False
433,50,False
433,47,False
434,50,False
434,49,False
434,48,False
434,47,False
435,51,False
435,50,False
435,49,False
435,48,False
435,46,False
436,49,False
436,48,False
437,53,False
437,52,False
437,51,False
437,50,False
437,49,False
437,48,False
438,49,False
438,48,False
439,51,False
439,49,False
440,51,False
440,50,False
440,49,False
440,48,False
441,52,False
441,50,False
441,48,False
442,48,False
443,48,False
443,42,False
444,50,False
444,49,False
444,48,False
445,49,False
446,49,False
446,48,False
447,50,False
448,48,False
449,60,False
449,59,False
449,58,False
449,57,False
449,56,False
449,55,False
449,54,False
449,53,False
449,52,False
449,51,False
449,48,False
450,48,False
451,48,False
452,48,False
842,68,False
842,69,False
842,70,False
842,71,False
842,72,False
842,73,False
453,50,False
453,49,False
454,50,False
454,49,False
455,58,False
455,53,False
455,51,False
455,50,False
455,49,False
456,59,False
456,58,False
456,57,False
456,56,False
456,55,False
456,54,False
456,53,False
456,52,False
456,51,False
456,50,False
456,49,False
457,49,False
458,49,False
459,54,False
459,53,False
459,50,False
460,50,False
460,49,False
461,49,False
462,52,False
463,49,False
464,49,False
465,52,False
465,51,False
465,50,False
465,49,False
466,49,False
467,49,False
468,50,False
468,49,False
469,49,False
470,49,False
471,49,False
472,49,False
473,49,False
474,49,False
475,60,False
475,59,False
475,58,False
475,57,False
475,56,False
475,55,False
475,54,False
475,53,False
475,52,False
475,51,False
475,50,False
476,55,False
476,54,False
476,53,False
476,52,False
476,51,False
476,50,False
477,53,False
477,52,False
477,51,False
477,50,False
478,58,False
478,57,False
478,56,False
478,54,False
478,53,False
478,52,False
478,51,False
478,50,False
479,55,False
479,54,False
479,53,False
479,52,False
479,51,False
479,50,False
480,50,False
481,52,False
481,51,False
481,50,False
482,55,False
482,53,False
482,52,False
482,51,False
482,50,False
483,55,False
483,54,False
483,53,False
483,52,False
483,51,False
483,50,False
484,54,False
484,53,False
484,52,False
484,51,False
484,50,False
485,50,False
486,58,False
486,56,False
486,55,False
486,54,False
486,53,False
486,52,False
486,51,False
486,50,False
487,50,False
488,50,False
489,50,False
490,50,False
491,51,False
492,50,False
493,50,False
494,51,False
494,50,False
495,50,False
496,58,False
496,57,False
496,56,False
496,55,False
496,54,False
496,53,False
496,51,False
497,51,False
498,61,False
498,60,False
498,59,False
498,58,False
498,57,False
498,56,False
498,55,False
498,54,False
498,51,False
499,51,False
500,51,False
501,61,False
501,60,False
501,59,False
501,58,False
501,57,False
501,56,False
501,55,False
501,54,False
501,53,False
501,52,False
501,51,False
502,53,False
502,52,False
502,51,False
503,51,False
504,51,False
505,52,False
505,51,False
506,55,False
506,54,False
506,52,False
506,51,False
507,51,False
508,51,False
509,61,False
509,59,False
509,58,False
509,57,False
509,56,False
509,55,False
509,54,False
509,53,False
509,52,False
509,51,False
510,53,False
510,52,False
510,51,False
511,52,False
511,51,False
512,58,False
512,57,False
512,56,False
512,55,False
512,54,False
512,53,False
512,52,False
512,51,False
513,59,False
513,58,False
513,57,False
513,56,False
513,55,False
513,54,False
513,53,False
513,52,False
513,51,False
514,55,False
514,54,False
514,53,False
514,52,False
514,51,False
515,51,False
516,55,False
516,54,False
516,53,False
516,52,False
516,51,False
517,52,False
517,51,False
518,61,False
518,60,False
518,59,False
518,58,False
518,57,False
518,56,False
518,52,False
518,51,False
519,57,False
519,56,False
519,51,False
520,61,False
520,59,False
520,58,False
520,57,False
520,56,False
520,55,False
520,54,False
520,53,False
520,52,False
520,51,False
521,60,False
521,59,False
521,58,False
521,57,False
521,51,False
522,52,False
522,51,False
523,56,False
523,53,False
523,51,False
524,51,False
525,59,False
525,58,False
525,57,False
525,56,False
525,55,False
525,54,False
525,53,False
525,52,False
525,51,False
526,61,False
526,60,False
526,59,False
526,58,False
526,57,False
526,56,False
526,55,False
526,54,False
526,53,False
526,51,False
527,54,False
527,53,False
527,52,False
527,51,False
528,58,False
528,57,False
528,56,False
528,55,False
528,54,False
528,53,False
528,52,False
528,51,False
529,61,False
529,60,False
529,59,False
529,58,False
529,57,False
529,56,False
529,55,False
529,54,False
529,53,False
529,52,False
529,51,False
530,51,False
531,53,False
531,52,False
531,51,False
532,56,False
532,55,False
532,54,False
532,51,False
533,56,False
533,55,False
533,54,False
533,53,False
533,52,False
533,51,False
534,60,False
534,51,False
535,52,False
535,51,False
536,53,False
536,52,False
536,51,False
537,61,False
537,55,False
537,53,False
537,52,False
537,51,False
538,56,False
538,55,False
538,54,False
538,52,False
538,51,False
539,53,False
539,51,False
540,52,False
540,51,False
541,57,False
541,55,False
541,54,False
541,53,False
541,52,False
541,51,False
542,52,False
542,51,False
543,53,False
543,52,False
543,51,False
544,51,False
545,51,False
546,51,False
547,57,False
547,56,False
547,55,False
547,54,False
547,53,False
547,51,False
548,51,False
549,54,False
549,53,False
549,52,False
550,52,False
551,53,False
551,52,False
552,52,False
553,53,False
553,52,False
554,59,False
554,58,False
554,57,False
554,56,False
554,55,False
554,54,False
554,53,False
554,52,False
555,61,False
555,60,False
555,59,False
555,58,False
555,57,False
555,56,False
555,55,False
555,54,False
555,53,False
555,52,False
555,51,False
556,58,False
556,57,False
556,56,False
556,55,False
556,54,False
556,52,False
557,52,False
558,56,False
558,55,False
558,54,False
558,53,False
558,52,False
559,61,False
559,58,False
559,57,False
559,56,False
559,55,False
559,52,False
560,54,False
560,53,False
560,52,False
561,56,False
561,55,False
561,52,False
562,55,False
562,54,False
562,53,False
562,52,False
563,56,False
563,54,False
563,53,False
563,52,False
564,53,False
564,52,False
565,54,False
565,53,False
565,52,False
566,53,False
566,52,False
567,52,False
568,52,False
569,52,False
570,52,False
571,52,False
572,52,False
573,54,False
573,52,False
574,52,False
575,52,False
576,52,False
577,58,False
577,57,False
577,56,False
577,55,False
577,54,False
577,53,False
578,59,False
578,58,False
578,57,False
578,56,False
578,55,False
578,54,False
578,53,True
579,61,False
579,60,True
579,58,False
579,57,True
579,56,True
579,55,True
579,54,True
579,53,False
580,60,False
580,57,False
580,55,False
580,54,False
580,53,False
581,59,False
581,58,False
581,57,False
581,56,False
581,55,False
581,54,False
581,53,False
582,53,False
583,55,False
583,53,False
584,53,False
585,55,False
585,53,False
586,56,False
586,55,False
586,54,False
586,53,False
587,53,False
588,53,False
589,61,False
589,60,False
589,58,False
589,56,False
589,55,False
589,53,False
590,54,False
590,53,False
591,53,False
592,59,False
592,57,False
592,56,False
592,55,False
592,54,False
592,53,False
593,61,False
593,60,False
593,59,False
593,58,False
593,57,False
593,56,False
593,55,False
593,54,False
593,53,False
594,55,False
594,54,False
594,53,False
595,55,False
595,53,False
596,57,False
596,56,False
596,55,False
596,54,False
596,53,False
597,57,False
597,56,False
597,55,False
597,54,False
597,53,False
598,53,False
599,53,False
600,53,False
601,54,False
601,53,False
602,53,False
603,53,False
604,53,False
605,53,False
606,55,False
606,54,False
607,56,False
607,55,False
607,54,False
608,56,False
608,55,False
608,54,False
609,60,False
609,59,False
609,56,False
609,55,False
609,54,False
610,55,False
610,54,False
611,61,False
611,60,False
611,59,False
611,58,False
611,57,False
611,56,False
611,55,False
611,54,False
612,60,False
612,59,False
612,58,False
612,57,False
612,56,False
612,55,False
612,54,False
613,58,False
613,57,False
613,54,False
614,54,False
615,61,False
615,60,False
615,59,False
615,58,False
615,57,False
615,56,False
615,55,False
615,54,False
616,54,False
617,54,False
618,54,False
619,61,False
619,60,False
619,58,False
619,57,False
619,55,False
619,54,False
620,58,False
620,57,False
620,56,False
620,55,False
620,54,False
621,54,False
622,60,False
622,59,False
622,58,False
622,55,False
623,56,False
623,55,False
624,56,False
624,55,False
625,59,False
625,58,False
625,57,False
625,56,False
625,55,False
626,61,False
626,60,False
626,59,False
626,58,False
626,57,False
626,56,False
626,55,False
627,61,False
627,60,False
627,59,False
627,58,False
627,57,False
627,56,False
627,55,False
628,59,False
628,58,False
628,57,False
628,56,False
628,55,False
629,60,False
629,59,False
629,55,False
630,61,False
630,60,False
630,58,False
630,55,False
631,56,False
631,55,False
632,59,False
632,58,False
632,57,False
632,56,False
632,55,False
633,61,False
633,60,False
633,59,False
633,58,False
633,57,False
633,56,False
633,55,False
634,55,False
635,55,False
636,55,False
637,55,False
638,57,False
638,55,False
638,54,False
639,55,False
640,61,False
640,60,False
640,59,False
640,58,False
640,57,False
640,55,False
641,61,False
641,60,False
641,59,False
641,57,False
641,56,False
641,55,False
642,61,True
642,60,False
642,59,False
642,58,False
642,57,False
642,56,False
643,58,False
643,57,False
643,56,False
644,58,False
644,57,False
644,56,False
645,57,False
645,56,False
646,56,False
647,61,False
647,60,False
647,59,True
647,58,True
647,57,False
647,56,False
648,57,False
648,56,False
649,58,False
649,56,False
650,57,False
650,56,False
651,59,False
651,58,False
651,57,False
651,56,False
652,56,False
653,61,False
653,60,False
653,58,False
653,57,False
653,56,False
654,61,False
654,60,False
654,58,False
654,57,False
654,56,False
655,58,False
655,57,False
655,56,False
656,59,False
656,58,False
656,57,False
656,56,False
657,60,False
657,59,False
657,58,False
657,57,False
657,56,False
658,61,False
658,60,False
658,59,False
658,58,False
658,57,False
658,56,False
659,61,False
659,58,False
659,57,False
659,56,False
660,61,False
660,60,False
660,59,False
660,58,False
660,56,False
661,61,False
661,60,False
661,56,False
662,56,False
663,59,False
663,58,False
663,57,False
663,56,False
664,59,False
664,58,False
664,56,False
665,57,False
665,56,False
666,61,False
666,58,False
666,56,False
667,58,False
667,56,False
668,56,False
669,61,False
669,60,False
669,59,False
669,58,False
669,57,False
670,60,False
670,58,False
670,57,False
671,57,False
672,57,False
673,60,False
673,58,False
673,57,False
674,57,False
675,60,False
675,59,False
675,58,False
675,57,False
676,57,False
677,61,False
677,59,False
677,58,False
677,57,False
678,57,False
679,58,False
679,57,False
680,60,False
680,58,False
680,57,False
681,58,False
681,57,False
682,57,False
683,57,False
684,57,False
685,57,False
686,61,False
686,60,False
686,59,False
686,57,False
687,61,False
687,60,False
687,59,False
687,58,False
687,57,False
688,59,False
688,57,False
689,59,False
689,58,False
689,57,False
690,58,False
691,58,False
691,57,False
692,59,False
692,58,False
692,57,False
693,58,False
693,57,False
694,57,False
695,58,False
696,58,False
697,61,False
697,60,False
697,59,False
697,58,False
698,58,False
699,60,False
699,59,False
699,58,False
700,60,False
700,58,False
701,61,False
701,58,False
702,59,False
702,58,False
702,57,False
703,59,False
703,58,False
704,61,False
704,60,False
704,59,False
704,58,False
705,59,False
705,58,False
706,58,False
707,58,False
708,60,False
708,59,False
708,58,False
709,59,False
709,58,False
710,59,False
710,58,False
711,58,False
712,59,False
712,58,False
713,58,False
714,58,False
715,59,False
715,58,False
716,58,False
717,60,False
717,59,False
717,58,False
718,58,False
719,58,False
720,59,False
720,58,False
721,60,False
721,59,False
721,58,False
722,59,False
722,58,False
723,60,False
723,59,False
724,59,False
725,60,False
725,59,False
726,61,False
726,60,False
726,59,False
727,59,False
728,60,False
728,59,False
729,61,False
729,60,False
729,59,False
730,59,False
730,57,False
731,61,False
731,60,False
731,59,False
732,61,False
732,60,False
732,59,False
733,60,False
733,59,False
734,60,False
734,59,False
735,59,False
735,58,False
736,59,False
737,59,False
738,59,False
739,59,False
740,61,False
740,59,False
741,61,False
741,60,False
741,59,False
742,59,False
743,59,False
744,59,False
745,59,False
746,59,False
747,61,False
747,60,False
747,59,False
748,59,False
749,59,False
750,59,False
751,59,False
752,59,False
753,59,False
754,59,False
755,59,False
756,61,False
756,60,False
756,59,False
757,59,False
758,59,False
759,59,False
760,59,False
761,59,False
762,61,False
762,60,False
762,59,False
763,61,False
763,60,False
764,61,False
764,60,False
765,61,False
765,60,False
766,61,False
766,60,False
767,60,False
768,61,False
768,60,False
769,60,False
770,61,False
770,60,False
771,61,False
771,60,False
772,61,False
772,60,False
773,61,False
773,60,False
774,61,False
774,60,False
775,60,False
776,61,False
776,60,False
777,60,False
778,61,False
778,60,False
779,60,False
780,61,False
780,60,False
781,60,False
782,60,False
783,60,False
784,61,False
785,61,False
786,61,False
786,60,False
787,61,False
788,61,False
789,61,False
790,61,False
791,61,False
792,61,False
793,61,False
794,61,False
795,61,False
796,61,False
797,61,False
797,58,False
798,61,False
799,61,False
799,57,False
800,61,False
801,61,False
802,61,False
803,61,False
804,58,False
805,57,False
806,55,False
807,21,False
807,63,False
807,64,False
807,65,False
807,66,False
807,67,False
807,68,False
807,69,False
807,70,False
807,71,False
807,73,False
808,21,False
808,62,False
808,63,False
810,21,False
811,21,False
811,62,False
811,63,False
812,21,False
812,62,False
813,62,False
813,63,False
813,64,False
813,65,False
813,66,False
814,62,False
814,63,False
814,64,False
814,68,False
815,62,False
815,63,False
815,64,False
815,65,False
815,66,False
815,67,False
815,68,False
815,69,False
815,70,False
815,71,False
815,72,False
815,73,False
816,62,False
816,63,False
817,62,False
817,63,False
817,64,False
817,65,False
817,66,False
817,67,False
817,68,False
817,69,False
817,70,False
817,71,False
817,72,False
817,73,False
818,63,False
818,64,False
818,65,False
819,63,False
819,64,False
820,64,False
820,65,False
821,64,False
821,65,False
821,67,False
822,64,False
822,65,False
822,66,False
822,67,False
822,68,False
822,69,False
822,70,False
822,71,False
822,72,False
822,73,False
823,64,False
824,64,False
824,65,False
825,65,False
825,66,False
825,67,False
825,68,False
825,69,False
825,70,False
825,71,False
825,73,False
826,65,False
826,66,False
826,67,False
826,68,False
826,70,False
826,71,False
827,65,False
828,65,False
828,66,False
828,67,False
828,68,False
828,69,False
829,65,False
829,66,False
830,66,False
830,67,False
830,68,False
830,69,False
830,70,False
830,71,False
830,72,True
830,73,True
831,66,False
831,67,False
832,66,False
832,67,False
832,68,False
832,69,False
832,70,False
832,71,False
832,72,False
832,73,False
833,66,False
834,66,False
835,67,False
835,68,False
836,67,False
836,68,False
837,67,False
838,67,False
838,68,False
838,69,False
839,67,False
839,68,False
839,69,False
839,71,False
839,72,False
839,73,False
840,68,False
840,69,False
840,70,False
840,71,False
840,72,False
840,73,False
841,68,False
841,70,False
841,71,False
841,72,False
843,68,False
843,69,False
844,69,False
844,70,False
844,71,False
844,72,False
844,73,False
845,69,False
846,70,False
846,71,False
846,72,False
846,73,False
847,70,False
847,71,False
847,72,False
847,73,False
848,70,False
848,71,False
848,73,False
849,71,False
849,72,False
849,73,False
850,71,False
851,71,False
852,72,False
852,73,False
853,72,False
854,72,False
854,73,False
855,73,False
856,73,False
857,74,False
858,74,False
